/*
SQLyog Professional v12.08 (64 bit)
MySQL - 5.5.18.1-log : Database - rln062bqb6y2g107
*********************************************************************
*/

/*!40101 SET NAMES utf8 */;

/*!40101 SET SQL_MODE=''*/;

/*!40014 SET @OLD_UNIQUE_CHECKS=@@UNIQUE_CHECKS, UNIQUE_CHECKS=0 */;
/*!40014 SET @OLD_FOREIGN_KEY_CHECKS=@@FOREIGN_KEY_CHECKS, FOREIGN_KEY_CHECKS=0 */;
/*!40101 SET @OLD_SQL_MODE=@@SQL_MODE, SQL_MODE='NO_AUTO_VALUE_ON_ZERO' */;
/*!40111 SET @OLD_SQL_NOTES=@@SQL_NOTES, SQL_NOTES=0 */;
CREATE DATABASE /*!32312 IF NOT EXISTS*/`rln062bqb6y2g107` /*!40100 DEFAULT CHARACTER SET utf8 */;

USE `rln062bqb6y2g107`;

/*Table structure for table `w_cash` */

DROP TABLE IF EXISTS `w_cash`;

CREATE TABLE `w_cash` (
  `id` int(11) NOT NULL AUTO_INCREMENT,
  `shop_id` int(11) NOT NULL COMMENT '店铺ID',
  `create_date` int(11) NOT NULL COMMENT '日期格式：Ymd',
  `cash_money` decimal(12,2) NOT NULL COMMENT '当日销售额',
  `orderCount` int(11) DEFAULT NULL COMMENT '订单数',
  `status` int(11) NOT NULL DEFAULT '0' COMMENT '状态：1:已申请，0未申请',
  `cash_time` int(11) DEFAULT NULL COMMENT '申请提现时间',
  PRIMARY KEY (`id`),
  UNIQUE KEY `shop_id` (`shop_id`,`create_date`)
) ENGINE=InnoDB AUTO_INCREMENT=16 DEFAULT CHARSET=utf8;

/*Data for the table `w_cash` */

insert  into `w_cash`(`id`,`shop_id`,`create_date`,`cash_money`,`orderCount`,`status`,`cash_time`) values (1,21,20151019,'0.05',NULL,1,1447409674),(4,21,20151020,'0.01',1,1,1447409674),(5,21,20151021,'0.13',2,1,1447409674),(6,21,20151023,'0.02',2,1,1447409674),(7,21,20151028,'0.06',6,1,1447409674),(8,22,20151028,'0.07',4,1,1447409674),(10,21,20151102,'0.03',2,1,1447409674),(11,21,20151103,'0.13',13,1,1447409674),(12,21,20151105,'0.01',1,1,1447409674),(13,21,20151113,'0.04',4,0,NULL),(14,21,20151116,'0.01',1,0,NULL),(15,24,20151119,'0.02',2,0,NULL);

/*Table structure for table `w_cash_log` */

DROP TABLE IF EXISTS `w_cash_log`;

CREATE TABLE `w_cash_log` (
  `id` int(11) NOT NULL AUTO_INCREMENT,
  `cash_money` decimal(12,2) NOT NULL COMMENT '提现金额',
  `created_at` int(11) DEFAULT NULL COMMENT '申请时间',
  `status` int(11) DEFAULT '0' COMMENT '0:申请中，1：已打款',
  `shop_id` int(11) DEFAULT NULL COMMENT '店铺ID',
  PRIMARY KEY (`id`)
) ENGINE=InnoDB AUTO_INCREMENT=9 DEFAULT CHARSET=utf8;

/*Data for the table `w_cash_log` */

insert  into `w_cash_log`(`id`,`cash_money`,`created_at`,`status`,`shop_id`) values (3,'0.05',1445243506,1,21),(4,'0.01',1445396484,1,21),(5,'0.21',1446452139,1,21),(6,'0.03',1446519283,1,21),(7,'0.13',1446609499,0,21),(8,'0.01',1447409674,0,21);

/*Table structure for table `w_data_address` */

DROP TABLE IF EXISTS `w_data_address`;

CREATE TABLE `w_data_address` (
  `id` int(11) NOT NULL AUTO_INCREMENT,
  `pid` int(11) NOT NULL DEFAULT '0',
  `name` varchar(120) NOT NULL,
  `relation` varchar(15) NOT NULL COMMENT '父子关系',
  PRIMARY KEY (`id`)
) ENGINE=InnoDB AUTO_INCREMENT=316 DEFAULT CHARSET=utf8;

/*Data for the table `w_data_address` */

/*Table structure for table `w_goods` */

DROP TABLE IF EXISTS `w_goods`;

CREATE TABLE `w_goods` (
  `id` int(11) NOT NULL AUTO_INCREMENT,
  `name` varchar(30) NOT NULL COMMENT '菜品名称',
  `pic1` varchar(40) DEFAULT NULL COMMENT '图1',
  `pic2` varchar(40) DEFAULT NULL COMMENT '图2',
  `goods_spec_id` int(11) DEFAULT '0' COMMENT '规格ID',
  `category_id` int(11) DEFAULT '0' COMMENT '档口ID',
  `goods_type_id` int(11) NOT NULL DEFAULT '0' COMMENT '商品ID',
  `description` varchar(60) DEFAULT NULL COMMENT '描述',
  `native_price` decimal(12,2) DEFAULT NULL COMMENT '原价',
  `price` decimal(12,2) DEFAULT NULL COMMENT '现价',
  `status` int(11) NOT NULL DEFAULT '1' COMMENT '状态 1正常',
  `shop_id` int(11) NOT NULL COMMENT '店铺ID',
  PRIMARY KEY (`id`),
  KEY `category_id` (`category_id`)
) ENGINE=InnoDB AUTO_INCREMENT=74 DEFAULT CHARSET=utf8;

/*Data for the table `w_goods` */

insert  into `w_goods`(`id`,`name`,`pic1`,`pic2`,`goods_spec_id`,`category_id`,`goods_type_id`,`description`,`native_price`,`price`,`status`,`shop_id`) values (7,'苹果','/Uploads/2015-10-19/5624ade5f25a0.jpg',NULL,0,2,4,NULL,'12.00','10.00',1,20),(11,'拿铁咖啡','/Uploads/2015-10-28/563076ed7f5c4.jpg',NULL,0,1,6,NULL,'32.00','0.01',1,21),(12,'芒果冰激凌','/Uploads/2015-10-28/56307736569c0.jpg',NULL,0,2,7,NULL,'12.00','0.05',1,21),(13,'雪顶咖啡','/Uploads/2015-10-28/56307768b9fe7.jpg',NULL,0,1,0,NULL,'22.00','1.00',1,21),(14,'巧克力甜甜圈泡芙','/Uploads/2015-10-28/5630779d7d1f6.jpg',NULL,0,2,0,NULL,'15.00','15.00',1,21),(15,'奶油咖啡','/Uploads/2015-10-28/563077cc59d5a.jpg',NULL,0,1,0,NULL,'1.00','0.01',1,21),(16,'榴莲千层蛋糕','/Uploads/2015-10-28/56307803abbbb.jpg',NULL,0,2,0,NULL,'136.00','136.00',1,21),(17,'寿司','/Uploads/2015-10-28/563082150932a.jpg',NULL,0,7,0,NULL,'9.00','0.00',1,22),(18,'麻辣鸡丝','/Uploads/2015-10-28/5630824748596.jpg',NULL,0,7,0,NULL,'7.00','0.02',1,22),(19,'卤鸭翅(个)','/Uploads/2015-10-28/563082f59fcbf.jpg',NULL,0,8,0,NULL,'3.00','3.00',1,22),(20,'羊肉泡馍','/Uploads/2015-10-28/563083181f813.jpg',NULL,0,7,0,NULL,'10.00','0.01',1,22),(21,'麻辣拌茄子','/Uploads/2015-10-28/5630832ad736f.jpg',NULL,0,8,0,NULL,'15.00','10.00',1,22),(22,'皮蛋拌坚果','/Uploads/2015-10-28/5630833d7ab87.jpg',NULL,0,8,0,NULL,'12.00','0.02',1,22),(23,'雪顶咖啡','',NULL,0,7,0,NULL,'3.00','0.01',1,22),(26,'芝士焗龙虾仔','',NULL,0,9,0,NULL,'0.00','188.00',1,24),(27,'日本和牛','',NULL,0,9,0,NULL,'0.00','198.00',1,24),(28,'鲍汁扣8头鲍','',NULL,0,9,0,NULL,'0.00','88.00',1,24),(29,'US安格斯眼肉','',NULL,0,9,0,NULL,'0.00','88.00',1,24),(30,'法式朗德鹅肝','',NULL,0,9,0,NULL,'0.00','48.00',1,24),(31,'原味烧银鳕鱼','',NULL,0,9,0,NULL,'0.00','58.00',1,24),(32,'京葱香辣海参','',NULL,0,9,0,NULL,'0.00','38.00',1,24),(33,'鹅肝黑鱼籽蒸蛋','',NULL,0,9,0,NULL,'0.00','12.00',1,24),(34,'日式烤鳗鱼','',NULL,0,9,0,NULL,'0.00','58.00',1,24),(35,'澳洲谷饲牛柳','',NULL,0,10,0,NULL,'0.00','78.00',1,24),(36,'雪花牛小排','',NULL,0,10,0,NULL,'0.00','58.00',1,24),(37,'安格斯去骨牛小排','',NULL,0,10,0,NULL,'0.00','58.00',1,24),(38,'澳洲T骨牛排','',NULL,0,10,0,NULL,'0.00','58.00',1,24),(39,'US安格斯牛仔骨','',NULL,0,10,0,NULL,'0.00','58.00',1,24),(40,'菲力牛排','',NULL,0,10,0,NULL,'0.00','48.00',1,24),(41,'英尚特色火焰牛排','',NULL,0,10,0,NULL,'0.00','58.00',1,24),(42,'黑椒牛排','',NULL,0,10,0,NULL,'0.00','38.00',1,24),(43,'安格斯西冷牛排','',NULL,0,10,0,NULL,'0.00','48.00',1,24),(44,'澳洲谷饲沙朗牛排','',NULL,0,10,0,NULL,'0.00','68.00',1,24),(45,'孜然烤羊排','',NULL,0,10,0,NULL,'0.00','55.00',1,24),(46,'香烤猪排','',NULL,0,10,0,NULL,'0.00','36.00',1,24),(47,'薄烧眼肉','',NULL,0,10,0,NULL,'0.00','42.00',1,24),(48,'金针菇肥牛卷','',NULL,0,10,0,NULL,'0.00','36.00',1,24),(49,'鲜炒牛舌','',NULL,0,10,0,NULL,'0.00','38.00',1,24),(50,'培根蔬菜卷','',NULL,0,10,0,NULL,'0.00','26.00',1,24),(51,'蒜香鸡排','',NULL,0,11,0,NULL,'0.00','28.00',1,24),(52,'椒盐鸡排','',NULL,0,11,0,NULL,'0.00','28.00',1,24),(53,'菠萝鸡排','',NULL,0,11,0,NULL,'0.00','28.00',1,24),(54,'沙拉酱鸡排','',NULL,0,11,0,NULL,'0.00','28.00',1,24),(55,'韩式泡菜炒五花肉','',NULL,0,11,0,NULL,'0.00','28.00',1,24),(56,'椒香牛肉粒','',NULL,0,11,0,NULL,'0.00','38.00',1,24),(57,'尖椒爆肥牛','',NULL,0,11,0,NULL,'0.00','36.00',1,24),(58,'泡椒鸡杂','',NULL,0,11,0,NULL,'0.00','28.00',1,24),(59,'泡椒鸭肠','',NULL,0,11,0,NULL,'0.00','26.00',1,24),(60,'泡椒牛蛙','',NULL,0,11,0,NULL,'0.00','38.00',1,24),(61,'鲜椒聪明髓','',NULL,0,11,0,NULL,'0.00','16.00',1,24),(62,'辣味掌中宝','',NULL,0,11,0,NULL,'0.00','36.00',1,24),(63,'香辣 鱿鱼须','',NULL,0,11,0,NULL,'0.00','28.00',1,24),(64,'泡椒鱿鱼须','',NULL,0,11,0,NULL,'0.00','28.00',1,24),(65,'青笋炒虾仁','',NULL,0,11,0,NULL,'0.00','38.00',1,24),(66,'韭黄炒虾仁','',NULL,0,11,0,NULL,'0.00','35.00',1,24),(67,'川味日本豆腐','',NULL,0,11,0,NULL,'0.00','16.00',1,24),(68,'铁板香煎豆腐','',NULL,0,11,0,NULL,'0.00','22.00',1,24),(69,'辣子炒花甲','',NULL,0,11,0,NULL,'0.00','22.00',1,24),(70,'剁椒鲫鱼','',NULL,0,11,0,NULL,'0.00','25.00',1,24),(71,'西芹百合炒鲜鱿','',NULL,0,11,0,NULL,'0.00','38.00',1,24),(72,'香煎多宝鱼','',NULL,0,12,0,NULL,'0.00','88.00',1,24),(73,'蒜蓉黑虎虾','',NULL,0,12,0,NULL,'38.00','0.01',1,24);

/*Table structure for table `w_goods_category` */

DROP TABLE IF EXISTS `w_goods_category`;

CREATE TABLE `w_goods_category` (
  `id` int(11) NOT NULL AUTO_INCREMENT,
  `platform_id` int(11) NOT NULL COMMENT '平台ID',
  `name` varchar(20) NOT NULL COMMENT '种类名字',
  `status` smallint(1) NOT NULL DEFAULT '1' COMMENT '状态 1:正常',
  `province` int(11) DEFAULT NULL COMMENT '省',
  `city` int(11) DEFAULT NULL COMMENT '市',
  `area` int(11) DEFAULT NULL COMMENT '区',
  `address` varchar(60) DEFAULT NULL COMMENT '详细地址',
  `tel` varchar(16) DEFAULT NULL COMMENT '联系电话',
  `created_at` int(11) NOT NULL COMMENT '创建时间',
  `shop_id` int(11) DEFAULT NULL,
  PRIMARY KEY (`id`),
  KEY `shop_id` (`shop_id`)
) ENGINE=InnoDB AUTO_INCREMENT=19 DEFAULT CHARSET=utf8;

/*Data for the table `w_goods_category` */

insert  into `w_goods_category`(`id`,`platform_id`,`name`,`status`,`province`,`city`,`area`,`address`,`tel`,`created_at`,`shop_id`) values (1,0,'咖啡',1,NULL,NULL,NULL,NULL,NULL,1444985623,21),(2,0,'甜品',1,NULL,NULL,NULL,NULL,NULL,1444985628,21),(3,0,'test',1,NULL,NULL,NULL,NULL,NULL,1444988189,20),(7,0,'小吃',1,NULL,NULL,NULL,NULL,NULL,1446017231,22),(8,0,'凉菜',1,NULL,NULL,NULL,NULL,NULL,1446017258,22),(9,0,'尊贵菜系',1,NULL,NULL,NULL,NULL,NULL,1447923734,24),(10,0,'牛排肉类',1,NULL,NULL,NULL,NULL,NULL,1447923748,24),(11,0,'经典菜系',1,NULL,NULL,NULL,NULL,NULL,1447923761,24),(12,0,'生猛海鲜',1,NULL,NULL,NULL,NULL,NULL,1447923770,24),(13,0,'季节时蔬',1,NULL,NULL,NULL,NULL,NULL,1447923780,24),(14,0,'主食类',1,NULL,NULL,NULL,NULL,NULL,1447923790,24),(15,0,'小吃类',1,NULL,NULL,NULL,NULL,NULL,1447923796,24),(16,0,'原汁浓汤',1,NULL,NULL,NULL,NULL,NULL,1447923808,24),(17,0,'新推菜系',1,NULL,NULL,NULL,NULL,NULL,1447923821,24),(18,0,'鲜榨果汁',1,NULL,NULL,NULL,NULL,NULL,1447923833,24);

/*Table structure for table `w_goods_spec` */

DROP TABLE IF EXISTS `w_goods_spec`;

CREATE TABLE `w_goods_spec` (
  `id` int(11) NOT NULL AUTO_INCREMENT,
  `platform_id` int(11) NOT NULL COMMENT '平台ID',
  `name` varchar(12) NOT NULL COMMENT '规格名称',
  `status` int(11) NOT NULL DEFAULT '1' COMMENT '1:正常',
  `craeted_at` int(11) NOT NULL COMMENT '创建时间',
  PRIMARY KEY (`id`,`platform_id`,`name`,`status`,`craeted_at`)
) ENGINE=InnoDB DEFAULT CHARSET=utf8;

/*Data for the table `w_goods_spec` */

/*Table structure for table `w_member` */

DROP TABLE IF EXISTS `w_member`;

CREATE TABLE `w_member` (
  `id` int(11) unsigned NOT NULL AUTO_INCREMENT COMMENT '主键',
  `username` varchar(255) NOT NULL DEFAULT '' COMMENT '名称',
  `nickname` varchar(255) CHARACTER SET utf8mb4 NOT NULL COMMENT '昵称',
  `avatar` varchar(255) NOT NULL DEFAULT '' COMMENT '头像',
  `tel` char(16) NOT NULL COMMENT '电话',
  `sex` tinyint(1) NOT NULL DEFAULT '1' COMMENT '1男2女',
  `integral` int(11) NOT NULL DEFAULT '0' COMMENT '积分',
  `address` varchar(255) NOT NULL COMMENT '地址',
  `status` int(11) NOT NULL DEFAULT '1' COMMENT '1:正常',
  `created_at` int(11) NOT NULL COMMENT '创建时间',
  `shop_id` int(11) DEFAULT NULL,
  `wx_user_id` int(11) DEFAULT NULL,
  PRIMARY KEY (`id`),
  KEY `wx_user_id` (`wx_user_id`)
) ENGINE=InnoDB AUTO_INCREMENT=28 DEFAULT CHARSET=utf8;

/*Data for the table `w_member` */

insert  into `w_member`(`id`,`username`,`nickname`,`avatar`,`tel`,`sex`,`integral`,`address`,`status`,`created_at`,`shop_id`,`wx_user_id`) values (1,'wan','wan','http://wx.qlogo.cn/mmopen/Q3auHgzwzM6FQbyJuEkM6R7ha3b1tPTdns4SnUlTsXW3yQGeKNDMO8PvzKxuUVcicPc7H0f39LZalzaxb8iaodRg0dkbnnM5NIHet88g1wiaHk/0','',2,0,'中国-重庆-',1,1444986765,21,5),(2,'相聚有时，后会无期...','相聚有时，后会无期...','http://wx.qlogo.cn/mmopen/LzvRGfVOb8pliaqwb1P28vpgfeU1YDp5BeAs5G44YjpL9AEwSPMF0ypIH2ZqlVcoWoVl45pDgXibZBqulicAB4xUWiaI8R4C9vXr/0','',1,0,'中国-重庆-渝北',1,1444986765,21,6),(3,'bs','bs','http://wx.qlogo.cn/mmopen/V5XD9afYMiaB1V4mFdIZp2NlECUYoVvpGhfHiaJuxHo1EvickIuQNlxJaYKLjibephejIrAGnibMQtZoQdv2DSHZXRricHKnPYgzSk/0','',1,0,'中国-重庆-江北',1,1444987415,20,4),(4,'guoguo','guoguo','http://wx.qlogo.cn/mmopen/ajNVdqHZLLBVGAfeOrXia0y8LLkWQV2FlYbdxF7YlXGwYMY0janHSR7eBDNicxvH00vlTVlXCRgialzTuT138ZSLw/0','',1,0,'中国-重庆-九龙坡',1,1444987584,21,3),(5,'幸运四叶草','幸运四叶草','http://wx.qlogo.cn/mmopen/Q3auHgzwzM4ibviajZDxQjyDmYuRp7aycxh9wibxzloric3JA9d3XMJPLEOvPJ0bWDuBS7OsKFU2VhJlCpdQVHuj04ic1mEEcZaymJPT0INyLcFQ/0','',2,0,'中国-重庆-九龙坡',1,1445049007,21,7),(6,'guoguo','guoguo','http://wx.qlogo.cn/mmopen/ajNVdqHZLLBVGAfeOrXia0y8LLkWQV2FlYbdxF7YlXGwYMY0janHSR7eBDNicxvH00vlTVlXCRgialzTuT138ZSLw/0','',1,0,'中国-重庆-九龙坡',1,1445064565,20,3),(8,'\"\\ud83d\\ude0d VAN\"','\"\\ud83d\\ude0d VAN\"','http://wx.qlogo.cn/mmopen/ajNVdqHZLLAXZ6yMBmYVbbGnyibBK0LR9CtNaQiatdssN6eSB72nLAh99h9OMncCebh8WdOuib98NdribBaeyBswhKNgDRYKh8ULXHFV8mAHOMM/0','',2,0,'中国-重庆-南岸',1,1445238099,21,9),(9,'\"vivi\\u5409\\u7965\"','\"vivi\\u5409\\u7965\"','http://wx.qlogo.cn/mmopen/LPLYlyQ5GAoCBDwr4JU9x5TiaRA9kvs3EpABpNxqDzEtqNeaaSQIjIewHibNaG8y2ibpcWobjhO9Cl2kLA4WxfibbfYLKISPU60X/0','',2,0,'中国-重庆-渝中',1,1445242967,21,10),(10,'\"MJ\"','\"MJ\"','http://wx.qlogo.cn/mmopen/LPLYlyQ5GAoCBDwr4JU9xxxQlqjEYE2gwgz2T8ul63umW45ObAjT4JicLjeEQ2oXRYw51ib5kblcrtGLySjxrG0OOyicfibia2CicT/0','',1,0,'中国-重庆-九龙坡',1,1445248044,21,11),(11,'\"Tony\"','\"Tony\"','http://wx.qlogo.cn/mmopen/V5XD9afYMiaB1V4mFdIZp2M3oDI3HeKRNwV67nZduR6ibyhcYU5XgHd4cKpEZTc6hvCFBN37877erblnT4PtCGgkL0Dl3D2HMZ/0','',1,0,'中国-重庆-渝中',1,1446016356,21,13),(12,'\"wan\"','\"wan\"','http://wx.qlogo.cn/mmopen/Q3auHgzwzM6FQbyJuEkM6R7ha3b1tPTdns4SnUlTsXW3yQGeKNDMO8PvzKxuUVcicPc7H0f39LZalzaxb8iaodRg0dkbnnM5NIHet88g1wiaHk/0','',2,0,'中国-重庆-',1,1446021315,22,5),(13,'\"MJ\"','\"MJ\"','http://wx.qlogo.cn/mmopen/LPLYlyQ5GAoCBDwr4JU9xxxQlqjEYE2gwgz2T8ul63umW45ObAjT4JicLjeEQ2oXRYw51ib5kblcrtGLySjxrG0OOyicfibia2CicT/0','',1,0,'中国-重庆-九龙坡',1,1446021319,22,11),(14,'\"bs\"','\"bs\"','http://wx.qlogo.cn/mmopen/V5XD9afYMiaB1V4mFdIZp2NlECUYoVvpGhfHiaJuxHo1EvickIuQNlxJaYKLjibephejIrAGnibMQtZoQdv2DSHZXRricHKnPYgzSk/0','',1,0,'中国-重庆-江北',1,1446024192,21,4),(16,'\"guoguo\"','\"guoguo\"','http://wx.qlogo.cn/mmopen/ajNVdqHZLLBVGAfeOrXia0y8LLkWQV2FlYbdxF7YlXGwYMY0janHSR7eBDNicxvH00vlTVlXCRgialzTuT138ZSLw/0','',1,0,'中国-重庆-九龙坡',1,1446518745,21,14),(17,'\"CCKK\"','\"CCKK\"','http://wx.qlogo.cn/mmopen/PiajxSqBRaEJSD9eliaOUwATRCeg3xwn7OCyDwiaqfDl3nuDKxicM5kia7iakKchz0uL8UVgaSqCXibzbQ6iaQ2XrxTCXw/0','',1,0,'中国-甘肃-天水',1,1446518957,21,15),(18,'\"\\u738b\\u5ca9\"','\"\\u738b\\u5ca9\"','http://wx.qlogo.cn/mmopen/uQUFXeNXo9vZXnF5hcoyIJicTeF4FcyHyX79VNQoVKD8keibPficuvcPSaqMLeGgKc0pxx86Ih6GcpXGe7oJVRT9amWYa4Px2Xl/0','',1,0,'中国-重庆-沙坪坝',1,1446518991,21,16),(19,'\"\\u5929\\u5929\\/\\u4e2d\\u6052\\u7396\\u8054\\u5ed6\\u665','\"\\u5929\\u5929\\/\\u4e2d\\u6052\\u7396\\u8054\\u5ed6\\u665','http://wx.qlogo.cn/mmopen/hdMx7bicficBZ3rROXjDpyibMIC5vOZZiciaIzOjEYxibdSibibYaP2kXQkXPsN16U0KSktUSa1MGaLkVcb6m6JVaQJ8KcsyISIxb4fT/0','',1,0,'中国-重庆-江北',1,1446519011,21,17),(20,'\"Viva Shen\"','\"Viva Shen\"','http://wx.qlogo.cn/mmopen/hv6NOr02ibrERXPVVAekh3q0HNV7jLhgVAMpvU3AIuFoTqGPenicuIYo2sKzoRtia9PvYrNiaPk0icDBWBOTbjDH97m4ZlR7dXTqj/0','',2,0,'不丹--',1,1446519036,21,18),(21,'\"\\u6ef4\\u7b54\"','\"\\u6ef4\\u7b54\"','http://wx.qlogo.cn/mmopen/uKPibHyTMPVhCHhMakG3VCFqW0y76SJ7tibLkNqTubDDysXfVJK5rTRcjEUZLHEnC7ZWqVhicobcLRFwPAYw02PctVF77joIC8X/0','',2,0,'中国-重庆-九龙坡',1,1446519086,21,19),(22,'\"\\u5f20\\u946b\"','\"\\u5f20\\u946b\"','http://wx.qlogo.cn/mmopen/N4coGaTVcURtKnsSBOlp69MKsyj0lwNM97mDfaKiaQn1X9ibicLFXlDFjGqZWWX2CAMqib5hOWU6n2ibHGEKhtDCAdZ02IGzF0mz5/0','',1,0,'德国-柏林-',1,1446533476,21,12),(23,'\"\\u5f90\\u83e0\"','\"\\u5f90\\u83e0\"','http://wx.qlogo.cn/mmopen/PiajxSqBRaEJ5aspfrZJtIYqrZQ7VtdWwmy54MhJ4qqvRB1nicCEJ5XcVOxMMgic48rPhYL5pJNTXsxnSVExib0CeA/0','',1,0,'中国-重庆-梁平',1,1446534174,21,20),(24,'\"\\u8c08\\u8c08\"','\"\\u8c08\\u8c08\"','http://wx.qlogo.cn/mmopen/hdMx7bicficBZrYJ35JgibsmPwuKuKSMibVxQKa6OItF5ww1ibakwvqWh1BfLkGD1UwpMYkn8AA6cSjcyib4PjhonmiaHdvibH9OzLVW/0','',1,0,'中国-重庆-梁平',1,1446534598,21,21),(25,'\"\\u2728  Leo\"','\"\\u2728  Leo\"','http://wx.qlogo.cn/mmopen/V5XD9afYMiaBuahf4hSUxJy6UUaD8oVKQ5Mbbw0UenyibWYQxjayPBlydDSwshicpfQBMRdIkeCVgAm9CZ47Fk9UgAxvfD99muT/0','',1,0,'中国-重庆-渝中',1,1447924999,24,27),(26,'\"\\u5927\\u6d53\\u5986\\u63a9\\u9970\\u5c0f\\u60b2\\u4f24\"','\"\\u5927\\u6d53\\u5986\\u63a9\\u9970\\u5c0f\\u60b2\\u4f24\"','http://wx.qlogo.cn/mmopen/Q3auHgzwzM7MGA09Zcibc32apC3854KEF1ic7OuTjZzuqDnxANShrLko2icMGvj9a4NSHNbonHeDu1tPqUCmVg8Ig0iafJmX6o6aaibwBibMwJ6Bs/0','',2,0,'中国-四川-南充',1,1447935778,24,28),(27,'\"\\u6ef4\\u7b54\"','\"\\u6ef4\\u7b54\"','http://wx.qlogo.cn/mmopen/uKPibHyTMPVhCHhMakG3VCFqW0y76SJ7tibLkNqTubDDysXfVJK5rTRcjEUZLHEnC7ZWqVhicobcLRFwPAYw02PctVF77joIC8X/0','',2,0,'中国-重庆-九龙坡',1,1448004476,24,19);

/*Table structure for table `w_member_platform` */

DROP TABLE IF EXISTS `w_member_platform`;

CREATE TABLE `w_member_platform` (
  `id` int(11) NOT NULL AUTO_INCREMENT,
  `mid` int(11) NOT NULL COMMENT '用户ID',
  `platform_id` int(11) NOT NULL COMMENT '商家平台ID',
  `first_time` int(11) NOT NULL COMMENT '第一次来店时间戳',
  `last_time` int(11) NOT NULL COMMENT '最后来店时间戳',
  `first_date` int(11) NOT NULL COMMENT '第一次来店时间',
  `last_date` int(11) NOT NULL COMMENT '最后来店时间',
  `en_count` int(11) NOT NULL DEFAULT '0' COMMENT '来此商家次数',
  PRIMARY KEY (`id`)
) ENGINE=InnoDB DEFAULT CHARSET=utf8;

/*Data for the table `w_member_platform` */

/*Table structure for table `w_member_shop` */

DROP TABLE IF EXISTS `w_member_shop`;

CREATE TABLE `w_member_shop` (
  `id` int(11) NOT NULL AUTO_INCREMENT,
  `mid` int(11) NOT NULL COMMENT '用户ID',
  `shop_id` int(11) NOT NULL COMMENT '店铺ID',
  `first_time` int(11) NOT NULL COMMENT '第一次来店时间戳',
  `last_time` int(11) NOT NULL COMMENT '最后来店时间戳',
  `first_date` int(11) NOT NULL COMMENT '第一次来店时间',
  `last_date` int(11) NOT NULL COMMENT '最后来店时间',
  `en_count` int(11) NOT NULL DEFAULT '0' COMMENT '来店次数',
  PRIMARY KEY (`id`)
) ENGINE=InnoDB DEFAULT CHARSET=utf8;

/*Data for the table `w_member_shop` */

/*Table structure for table `w_member_shop_log` */

DROP TABLE IF EXISTS `w_member_shop_log`;

CREATE TABLE `w_member_shop_log` (
  `id` int(11) NOT NULL AUTO_INCREMENT,
  `mid` int(11) NOT NULL,
  `shop_id` int(11) NOT NULL,
  `created_time` int(11) NOT NULL,
  PRIMARY KEY (`id`)
) ENGINE=InnoDB DEFAULT CHARSET=utf8;

/*Data for the table `w_member_shop_log` */

/*Table structure for table `w_order` */

DROP TABLE IF EXISTS `w_order`;

CREATE TABLE `w_order` (
  `id` int(11) NOT NULL AUTO_INCREMENT,
  `sn` char(18) NOT NULL COMMENT '订单号',
  `mid` int(11) DEFAULT NULL COMMENT '用户Id',
  `native_price` decimal(16,2) DEFAULT NULL COMMENT '原价',
  `price` decimal(16,2) NOT NULL COMMENT '订单价格',
  `pay_type` int(11) NOT NULL COMMENT '支付类型 1:微信，2:线下',
  `status` int(11) NOT NULL DEFAULT '1' COMMENT '订单状态 -1:订单已经删除 1:已经下单，2,已支付，3:已经完成',
  `created_at` int(11) NOT NULL COMMENT '创建时间',
  `table_id` int(11) NOT NULL DEFAULT '0' COMMENT '桌号',
  `platform_id` int(11) NOT NULL COMMENT '平台ID',
  `shop_id` int(11) NOT NULL COMMENT '店铺ID',
  PRIMARY KEY (`id`),
  KEY `mid` (`mid`),
  KEY `shop_id` (`shop_id`)
) ENGINE=InnoDB AUTO_INCREMENT=225 DEFAULT CHARSET=utf8;

/*Data for the table `w_order` */

insert  into `w_order`(`id`,`sn`,`mid`,`native_price`,`price`,`pay_type`,`status`,`created_at`,`table_id`,`platform_id`,`shop_id`) values (3,'201510171030270305',5,'29.00','29.00',1,3,1445049026,37,0,21),(8,'201510171419390563',5,'0.01','0.01',1,3,1445062778,37,0,21),(11,'201510171425240330',4,'0.01','0.01',1,3,1445063124,40,0,21),(14,'201510171427420523',5,'0.01','0.01',1,1,1445063262,37,0,21),(15,'201510171428240004',5,'0.01','0.01',1,1,1445063304,37,0,21),(16,'201510171429180928',5,'0.01','0.01',1,1,1445063358,37,0,21),(17,'201510171432550335',4,'0.01','0.01',1,1,1445063575,40,0,21),(19,'201510171433180665',4,'0.01','0.01',1,1,1445063598,40,0,21),(22,'201510171435580490',5,'0.01','0.01',1,1,1445063758,37,0,21),(23,'201510171437190530',5,'0.01','0.01',1,1,1445063839,37,0,21),(25,'201510171447420127',5,'0.01','0.01',1,1,1445064462,37,0,21),(26,'201510171448560045',4,'28.00','28.00',1,1,1445064536,40,0,21),(27,'201510171455190085',4,'0.01','0.01',1,1,1445064919,37,0,21),(28,'201510171456370834',4,'0.01','0.01',1,1,1445064996,37,0,21),(32,'201510171538250289',5,'0.01','0.01',1,1,1445067504,37,0,21),(33,'201510171539500416',5,'0.01','0.01',1,1,1445067590,37,0,21),(34,'201510171628060557',5,'1.00','1.00',1,1,1445070485,37,0,21),(35,'201510190952430675',1,'28.00','28.00',1,1,1445219563,40,0,21),(36,'201510190954340800',1,'0.01','0.01',1,3,1445219674,40,0,21),(37,'201510191013380422',1,'0.02','0.02',1,3,1445220818,40,0,21),(38,'201510191105500667',4,'1.00','1.00',1,1,1445223950,41,0,21),(39,'201510191108430068',1,'0.01','0.01',1,1,1445224122,40,0,21),(40,'201510191110000156',1,'0.02','0.02',1,1,1445224200,40,0,21),(41,'201510191111130733',1,'0.01','0.01',1,1,1445224273,40,0,21),(42,'201510191206400883',1,'0.02','0.02',1,1,1445227600,40,0,21),(43,'201510191207180999',1,'0.01','0.01',1,3,1445227637,40,0,21),(44,'201510191435480236',1,'15.01','15.01',1,1,1445236548,40,0,21),(45,'201510191556350762',1,'0.01','0.01',1,3,1445241394,40,0,21),(46,'201510191623100782',9,'0.01','0.01',1,1,1445242989,37,0,21),(47,'201510191644580241',1,'1.00','1.00',1,1,1445244298,40,0,21),(48,'201510191647110308',8,'16.33','16.33',1,1,1445244431,37,0,21),(49,'201510191649270253',1,'110.01','110.01',1,1,1445244567,40,0,21),(50,'201510191649550321',1,'0.03','0.03',1,1,1445244595,40,0,21),(51,'201510191651070199',1,'0.01','0.01',1,3,1445244667,40,0,21),(52,'201510191654390522',1,'0.01','0.01',1,1,1445244879,40,0,21),(53,'201510191657400126',4,'0.01','0.01',1,3,1445245060,41,0,21),(54,'201510191746260003',1,'0.01','0.01',1,1,1445247985,40,0,21),(55,'201510191747350445',10,'1.00','1.00',1,1,1445248055,37,0,21),(56,'201510191748120691',10,'10.00','10.00',1,1,1445248092,37,0,21),(57,'201510191749050004',10,'0.01','0.01',1,2,1445248145,37,0,21),(58,'201510191749070565',1,'10.00','10.00',1,1,1445248147,40,0,21),(59,'201510191749470501',1,'10.00','10.00',1,1,1445248187,40,0,21),(60,'201510191750390175',1,'10.00','10.00',1,1,1445248238,40,0,21),(61,'201510191759570763',8,'11.10','11.10',1,1,1445248796,0,0,21),(62,'201510201032290751',1,'10.01','10.01',1,1,1445308349,40,0,21),(63,'201510201115470675',4,'0.01','0.01',1,1,1445310947,41,0,21),(64,'201510201116150582',4,'0.01','0.01',1,1,1445310975,41,0,21),(65,'201510201144510103',4,'0.10','0.10',1,1,1445312691,41,0,21),(66,'201510201145210460',4,'0.10','0.10',1,1,1445312721,41,0,21),(70,'201510201153450847',4,'0.10','0.10',1,1,1445313225,41,0,21),(71,'201510201204420699',8,'3.00','3.00',1,1,1445313882,37,0,21),(73,'201510201221230583',4,'0.10','0.10',1,1,1445314882,0,0,21),(74,'201510201222270654',4,'1.00','1.00',1,1,1445314946,0,0,21),(75,'201510201229480529',4,'0.10','0.10',1,1,1445315388,0,0,21),(76,'201510201230080805',4,'0.10','0.10',1,1,1445315407,0,0,21),(77,'201510201230520848',4,'0.10','0.10',1,1,1445315451,0,0,21),(78,'201510201426360390',1,'0.01','0.01',1,1,1445322396,40,0,21),(79,'201510201427280191',1,'0.01','0.01',1,1,1445322448,40,0,21),(80,'201510201432280094',1,'4.00','4.00',1,1,1445322748,40,0,21),(81,'201510201436180679',1,'0.01','0.01',1,1,1445322978,40,0,21),(82,'201510201444170490',8,'30.01','30.01',1,1,1445323457,37,0,21),(85,'201510201454000887',4,'0.10','0.10',1,1,1445324040,41,0,21),(86,'201510201456070223',4,'0.10','0.10',1,1,1445324167,41,0,21),(87,'201510201459180303',4,'0.10','0.10',1,2,1445324357,0,0,21),(88,'201510201521500904',4,'0.10','0.10',1,1,1445325710,37,0,21),(89,'201510201525480452',4,'0.01','0.01',1,1,1445325948,37,0,21),(92,'201510201540570144',4,'0.01','0.01',1,1,1445326857,37,0,21),(94,'201510201550130350',1,'0.01','0.01',1,1,1445327413,40,0,21),(97,'201510201612060040',1,'0.08','0.08',1,1,1445328726,40,0,21),(99,'201510201612280436',1,'0.01','0.01',1,1,1445328748,40,0,21),(100,'201510201614160608',1,'0.01','0.01',1,3,1445328856,40,0,21),(101,'201510201816280463',1,'0.01','0.01',1,3,1445336188,40,0,21),(102,'201510211052190479',1,'0.12','0.12',1,3,1445395939,40,0,21),(108,'201510211827240232',1,'0.01','0.01',1,3,1445423244,40,0,21),(112,'201510231010150923',1,'0.01','0.01',1,3,1445566215,40,0,21),(113,'201510231023460907',1,'0.01','0.01',1,3,1445567026,40,0,21),(114,'201510231051390566',1,'0.01','0.01',1,1,1445568699,40,0,21),(115,'201510231052480750',1,'0.01','0.01',1,1,1445568768,40,0,21),(123,'201510281451270925',10,'1.00','1.00',1,1,1446015087,0,0,21),(124,'201510281513160941',11,'2.11','2.11',1,1,1446016395,42,0,21),(125,'201510281519440711',11,'3.00','3.00',1,1,1446016784,42,0,21),(126,'201510281537590360',1,'0.08','0.08',1,1,1446017879,42,0,21),(127,'201510281538070977',11,'1.03','1.03',1,1,1446017887,42,0,21),(128,'201510281541110463',1,'0.01','0.01',1,1,1446018071,42,0,21),(129,'201510281547040139',4,'0.01','0.01',1,1,1446018424,42,0,21),(130,'201510281602220601',11,'0.19','0.19',1,1,1446019341,42,0,21),(131,'201510281603160691',1,'0.01','0.01',1,1,1446019395,42,0,21),(132,'201510281604280650',1,'0.06','0.06',1,1,1446019468,42,0,21),(133,'201510281617180024',4,'0.01','0.01',1,3,1446020237,42,0,21),(134,'201510281620500272',4,'0.01','0.01',1,3,1446020449,42,0,21),(135,'201510281624540675',4,'0.01','0.01',1,3,1446020694,42,0,21),(136,'201510281636490604',13,'0.01','0.01',1,2,1446021409,44,0,22),(137,'201510281637230142',12,'0.01','0.01',1,1,1446021442,44,0,22),(138,'201510281658130282',12,'0.03','0.03',1,2,1446022693,44,0,22),(139,'201510281700060250',13,'0.00','0.00',1,1,1446022805,44,0,22),(140,'201510281701260685',13,'0.01','0.01',1,1,1446022886,44,0,22),(141,'201510281701530007',13,'0.00','0.00',1,1,1446022913,44,0,22),(143,'201510281704320477',13,'0.00','0.00',1,1,1446023072,44,0,22),(144,'201510281706470838',12,'0.00','0.00',1,1,1446023206,44,0,22),(145,'201510281707160874',13,'0.00','0.00',1,1,1446023236,44,0,22),(146,'201510281708130160',13,'0.00','0.00',1,1,1446023293,44,0,22),(147,'201510281710280999',12,'0.12','0.12',1,1,1446023428,44,0,22),(148,'201510281710440095',13,'0.00','0.00',1,1,1446023444,44,0,22),(149,'201510281711320723',13,'0.00','0.00',1,1,1446023492,44,0,22),(150,'201510281714370737',11,'163.08','163.08',1,1,1446023677,0,0,21),(151,'201510281721090733',12,'0.00','0.00',1,1,1446024069,44,0,22),(152,'201510281723460222',12,'0.00','0.00',1,1,1446024226,44,0,22),(154,'201510281743370155',11,'4.03','4.03',1,1,1446025417,0,0,21),(156,'201510281750590580',12,'0.00','0.00',1,1,1446025858,44,0,22),(157,'201510281752080328',12,'0.00','0.00',1,1,1446025928,44,0,22),(158,'201510281752320070',13,'0.00','0.00',1,1,1446025952,44,0,22),(159,'201510281754160960',15,'0.00','0.00',1,1,1446026056,44,0,22),(160,'201510281754200479',12,'0.00','0.00',1,1,1446026060,44,0,22),(161,'201510281754330640',12,'0.02','0.02',1,3,1446026073,44,0,22),(162,'201510281756260040',13,'0.01','0.01',1,3,1446026186,44,0,22),(163,'201510281756290420',15,'0.00','0.00',1,1,1446026189,44,0,22),(164,'201510281759020866',15,'0.00','0.00',1,1,1446026342,44,0,22),(165,'201510281823100978',15,'0.00','0.00',1,1,1446027790,44,0,22),(166,'201510281823220636',12,'0.00','0.00',1,1,1446027801,44,0,22),(167,'201510281825300814',15,'0.00','0.00',1,1,1446027930,44,0,22),(168,'201510281826540388',15,'0.00','0.00',1,1,1446028014,44,0,22),(169,'201510281829440257',15,'0.00','0.00',1,1,1446028184,44,0,22),(170,'201510281834350084',15,'0.00','0.00',1,1,1446028475,44,0,22),(171,'201510281838140891',15,'0.00','0.00',1,1,1446028693,44,0,22),(172,'201510282240350473',13,'0.00','0.00',1,1,1446043235,0,0,22),(173,'201510291055320582',15,'0.00','0.00',1,1,1446087331,44,0,22),(176,'201510301122510871',2,'151.00','151.00',1,1,1446175371,43,0,21),(177,'201511021556580060',11,'800.15','800.15',1,1,1446451017,0,0,21),(178,'201511021605460029',2,'1.01','1.01',1,1,1446451546,0,0,21),(179,'201511021606340885',1,'0.02','0.02',1,3,1446451594,43,0,21),(180,'201511021618540652',14,'136.05','136.05',1,1,1446452334,0,0,21),(181,'201511021619300878',1,'0.01','0.01',1,3,1446452370,43,0,21),(182,'201511021647510119',2,'1.00','1.00',1,1,1446454071,0,0,21),(183,'201511030930590297',1,'0.01','0.01',1,2,1446514259,0,0,21),(184,'201511030947140255',1,'0.01','0.01',1,3,1446515233,43,0,21),(185,'201511030952440113',1,'0.01','0.01',1,3,1446515564,43,0,21),(186,'201511031046420204',1,'0.01','0.01',1,1,1446518802,43,0,21),(187,'201511031047120397',10,'0.01','0.01',1,1,1446518831,43,0,21),(188,'201511031049460097',17,'0.05','0.05',1,1,1446518986,43,0,21),(189,'201511031050090032',18,'0.01','0.01',1,3,1446519009,43,0,21),(190,'201511031050450574',20,'0.01','0.01',1,3,1446519044,43,0,21),(191,'201511031050470203',19,'0.01','0.01',1,1,1446519047,43,0,21),(192,'201511031050530044',2,'137.00','137.00',1,1,1446519053,42,0,21),(193,'201511031051120135',17,'0.01','0.01',1,3,1446519072,43,0,21),(194,'201511031051450731',21,'0.01','0.01',1,3,1446519104,43,0,21),(195,'201511031429470543',9,'0.01','0.01',1,3,1446532187,42,0,21),(196,'201511031430450575',1,'0.01','0.01',1,3,1446532245,43,0,21),(197,'201511031432001000',1,'0.01','0.01',1,3,1446532320,46,0,21),(198,'201511031432360393',9,'0.01','0.01',1,3,1446532356,42,0,21),(199,'201511031436470337',1,'0.01','0.01',1,3,1446532607,46,0,21),(200,'201511031437510191',9,'0.01','0.01',1,3,1446532671,42,0,21),(201,'201511031509340165',9,'0.01','0.01',1,1,1446534574,42,0,21),(202,'201511031733000610',9,'0.01','0.01',1,1,1446543180,42,0,21),(203,'201511041632430331',21,'0.06','0.06',1,1,1446625963,43,0,21),(204,'201511041737330179',21,'2.02','2.02',1,1,1446629853,43,0,21),(205,'201511041739420638',21,'0.01','0.01',1,1,1446629982,43,0,21),(206,'201511051122350831',21,'0.01','0.01',1,3,1446693755,43,0,21),(207,'201511051323480831',21,'1.01','1.01',1,1,1446701027,43,0,21),(208,'201511101024200875',21,'0.01','0.01',1,1,1447122260,43,0,21),(209,'201511131810410930',9,'0.01','0.01',1,2,1447409441,0,0,21),(210,'201511131814470618',1,'0.01','0.01',1,3,1447409686,46,0,21),(211,'201511131817010697',1,'0.01','0.01',1,3,1447409821,46,0,21),(212,'201511131831010072',2,'0.01','0.01',1,2,1447410661,0,0,21),(213,'201511161009200705',2,'0.01','0.01',1,2,1447639760,0,0,21),(214,'201511161031060014',2,'0.01','0.01',1,1,1447641065,49,0,21),(215,'201511161031430776',2,'0.01','0.01',1,1,1447641103,0,0,21),(216,'201511161032280957',2,'1.02','1.02',1,1,1447641148,0,0,21),(217,'201511161102380514',2,'136.00','136.00',1,1,1447642958,0,0,21),(218,'201511161128580665',2,'0.01','0.01',1,1,1447644538,0,0,21),(219,'201511161133580873',2,'1.00','1.00',1,1,1447644838,0,0,21),(220,'201511161213200139',2,'8.00','8.00',1,1,1447647199,49,0,21),(221,'201511192022140229',25,'22.00','22.00',1,1,1447935734,50,0,24),(222,'201511192023290991',26,'12.00','12.00',1,1,1447935809,50,0,24),(223,'201511192026230109',25,'0.01','0.01',1,2,1447935983,50,0,24),(224,'201511192027590991',25,'0.01','0.01',1,3,1447936079,50,0,24);

/*Table structure for table `w_order_goods` */

DROP TABLE IF EXISTS `w_order_goods`;

CREATE TABLE `w_order_goods` (
  `id` int(11) NOT NULL AUTO_INCREMENT,
  `order_id` int(11) NOT NULL COMMENT '订单ID',
  `goods_id` int(11) NOT NULL COMMENT '菜品ID',
  `price` float NOT NULL COMMENT '菜品价格',
  `status` int(11) NOT NULL DEFAULT '1' COMMENT '菜品状态 1:正常 -1:删除',
  `number` tinyint(1) unsigned NOT NULL COMMENT '菜品数量',
  `mark` varchar(20) DEFAULT NULL COMMENT '备注',
  PRIMARY KEY (`id`),
  KEY `order_id` (`order_id`),
  KEY `goods_id` (`goods_id`)
) ENGINE=InnoDB AUTO_INCREMENT=283 DEFAULT CHARSET=utf8;

/*Data for the table `w_order_goods` */

insert  into `w_order_goods`(`id`,`order_id`,`goods_id`,`price`,`status`,`number`,`mark`) values (1,1,8,10,1,1,''),(2,1,11,28,1,1,''),(3,2,11,28,1,2,''),(4,3,11,28,1,1,''),(5,3,12,1,1,1,''),(6,4,7,10,1,1,''),(7,4,8,10,1,1,''),(8,4,11,28,1,1,''),(9,4,12,1,1,2,''),(10,5,8,10,1,1,''),(11,5,11,28,1,1,''),(12,6,8,10,1,1,''),(13,6,11,28,1,1,''),(14,7,12,0.01,1,1,''),(15,8,12,0.01,1,1,''),(16,9,11,28,1,1,''),(17,10,12,0.01,1,1,''),(18,11,12,0.01,1,1,''),(19,12,12,0.01,1,1,''),(20,13,12,0.01,1,1,''),(21,14,12,0.01,1,1,''),(22,15,12,0.01,1,1,''),(23,16,12,0.01,1,1,''),(24,17,12,0.01,1,1,''),(25,18,12,0.01,1,2,''),(26,19,12,0.01,1,1,''),(27,20,12,0.01,1,1,''),(28,21,8,10,1,1,''),(29,21,11,28,1,1,''),(30,22,12,0.01,1,1,''),(31,23,12,0.01,1,1,''),(32,24,12,0.01,1,1,''),(33,25,12,0.01,1,1,'少糖'),(34,26,11,28,1,1,''),(35,27,12,0.01,1,1,''),(36,28,12,0.01,1,1,''),(37,29,12,0.01,1,1,''),(38,30,12,0.01,1,2,''),(39,31,7,10,1,1,''),(40,31,12,0.01,1,1,''),(41,32,12,0.01,1,1,''),(42,33,12,0.01,1,1,''),(43,34,13,1,1,1,''),(44,35,11,28,1,1,''),(45,36,12,0.01,1,1,'加冰，加热，不要糖'),(46,37,12,0.01,1,2,'加冰，鄙视，乱测'),(47,38,13,1,1,1,''),(48,39,12,0.01,1,1,'来了吗，来了喔，来了哟'),(49,40,12,0.01,1,2,''),(50,41,12,0.01,1,1,''),(51,42,12,0.01,1,2,''),(52,43,12,0.01,1,1,''),(53,44,7,10,1,1,''),(54,44,12,0.01,1,1,''),(55,44,13,1,1,4,''),(56,44,14,1,1,1,'加水，加菜，不要糖'),(57,45,12,0.01,1,1,''),(58,46,12,0.01,1,1,''),(59,47,14,1,1,1,''),(60,48,11,0.1,1,3,'很好'),(61,48,13,1,1,8,''),(62,48,12,0.01,1,3,''),(63,48,14,1,1,4,''),(64,48,15,1,1,4,''),(65,49,7,10,1,11,''),(66,49,12,0.01,1,1,'测试测试测试'),(67,50,12,0.01,1,3,'测试测试测试'),(68,51,12,0.01,1,1,'测试测测吧其实'),(69,52,12,0.01,1,1,''),(70,53,12,0.01,1,1,''),(71,54,12,0.01,1,1,''),(72,55,13,1,1,1,''),(73,56,8,10,1,1,''),(74,57,12,0.01,1,1,''),(75,58,8,10,1,1,''),(76,59,8,10,1,1,''),(77,60,8,10,1,1,''),(78,61,8,10,1,1,''),(79,61,11,0.1,1,1,''),(80,61,13,1,1,1,''),(81,62,7,10,1,1,''),(82,62,12,0.01,1,1,''),(83,63,12,0.01,1,1,''),(84,64,12,0.01,1,1,''),(85,65,11,0.1,1,1,''),(86,66,11,0.1,1,1,''),(87,67,12,0.01,1,1,''),(88,68,11,0.1,1,1,''),(89,68,7,10,1,1,''),(90,68,12,0.01,1,1,''),(91,69,12,0.01,1,1,''),(92,70,11,0.1,1,1,''),(93,71,14,1,1,3,'哈哈哈哈'),(94,72,12,0.01,1,1,''),(95,73,11,0.1,1,1,''),(96,74,13,1,1,1,''),(97,75,11,0.1,1,1,''),(98,76,11,0.1,1,1,''),(99,77,11,0.1,1,1,''),(100,78,12,0.01,1,1,'测试，不管'),(101,79,12,0.01,1,1,''),(102,80,13,1,1,2,''),(103,80,14,1,1,2,''),(104,81,12,0.01,1,1,''),(105,82,7,10,1,3,''),(106,82,12,0.01,1,1,''),(107,83,12,0.01,1,1,''),(108,84,12,0.01,1,1,''),(109,85,11,0.1,1,1,''),(110,86,11,0.1,1,1,''),(111,87,11,0.1,1,1,''),(112,88,11,0.1,1,1,''),(113,89,12,0.01,1,1,''),(114,90,12,0.01,1,1,''),(115,91,12,0.01,1,1,''),(116,92,12,0.01,1,1,''),(117,93,12,0.01,1,1,''),(118,94,12,0.01,1,1,''),(119,95,12,0.01,1,1,''),(120,96,12,0.01,1,1,''),(121,97,12,0.01,1,8,''),(122,98,12,0.01,1,1,''),(123,99,12,0.01,1,1,''),(124,100,12,0.01,1,1,''),(125,101,12,0.01,1,1,''),(126,102,11,0.11,1,1,''),(127,102,12,0.01,1,1,''),(128,103,8,10,1,1,''),(129,103,13,1,1,1,''),(130,104,8,10,1,1,''),(131,104,11,0.11,1,1,''),(132,105,8,10,1,1,''),(133,105,11,0.11,1,1,''),(134,106,8,10,1,2,''),(135,107,8,10,1,1,''),(136,108,12,0.01,1,1,''),(137,109,8,10,1,2,''),(138,109,11,0.11,1,1,''),(139,110,8,10,1,1,''),(140,111,13,1,1,1,''),(141,112,12,0.01,1,1,''),(142,113,12,0.01,1,1,''),(143,114,12,0.01,1,1,''),(144,115,12,0.01,1,1,''),(145,116,13,1,1,1,''),(146,117,13,1,1,1,''),(147,118,8,10,1,1,''),(148,118,11,0.11,1,1,''),(149,118,7,10,1,1,''),(150,119,11,0.11,1,20,''),(151,120,11,0.11,1,1,''),(152,121,8,10,1,2,''),(153,122,13,1,1,4,''),(154,123,14,1,1,1,''),(155,124,11,0.11,1,1,''),(156,124,13,1,1,2,''),(157,125,13,1,1,3,''),(158,126,11,0.01,1,1,''),(159,126,15,0.01,1,2,''),(160,126,12,0.05,1,1,''),(161,127,11,0.01,1,1,''),(162,127,13,1,1,1,''),(163,127,15,0.01,1,2,''),(164,128,11,0.01,1,1,''),(165,129,11,0.01,1,1,''),(166,130,15,0.01,1,19,''),(167,131,15,0.01,1,1,''),(168,132,15,0.01,1,6,''),(169,133,11,0.01,1,1,''),(170,134,11,0.01,1,1,''),(171,135,11,0.01,1,1,''),(172,136,20,0.01,1,1,'多肉'),(173,137,20,0.01,1,1,'少辣，少银'),(174,138,18,0.02,1,1,''),(175,138,20,0.01,1,1,'钱塘'),(176,139,17,0,1,1,''),(177,140,20,0.01,1,1,''),(178,141,17,0,1,1,''),(179,142,15,0.01,1,1,''),(180,143,17,0,1,1,''),(181,144,17,0,1,1,''),(182,145,17,0,1,1,''),(183,146,17,0,1,1,''),(184,147,18,0.02,1,6,''),(185,148,17,0,1,1,''),(186,149,17,0,1,1,''),(187,150,11,0.01,1,2,''),(188,150,13,1,1,2,''),(189,150,15,0.01,1,1,''),(190,150,7,10,1,1,''),(191,150,12,0.05,1,1,''),(192,150,14,15,1,1,''),(193,150,16,136,1,1,''),(194,151,17,0,1,1,''),(195,152,17,0,1,1,''),(196,153,15,0.01,1,1,''),(197,154,13,1,1,4,''),(198,154,15,0.01,1,3,''),(199,155,11,0.01,1,1,''),(200,156,17,0,1,1,''),(201,157,17,0,1,1,''),(202,158,17,0,1,1,''),(203,159,17,0,1,1,''),(204,160,17,0,1,1,''),(205,161,18,0.02,1,1,''),(206,162,20,0.01,1,1,''),(207,163,17,0,1,2,''),(208,164,17,0,1,1,''),(209,165,17,0,1,1,''),(210,166,17,0,1,1,''),(211,167,17,0,1,1,''),(212,168,17,0,1,1,''),(213,169,17,0,1,1,''),(214,170,17,0,1,1,''),(215,171,17,0,1,1,''),(216,172,17,0,1,1,''),(217,173,17,0,1,1,''),(218,174,11,0.01,1,1,''),(219,174,13,1,1,1,''),(222,176,14,15,1,1,''),(223,176,16,136,1,1,''),(224,177,12,0.05,1,3,''),(225,177,14,15,1,8,''),(226,177,16,136,1,5,''),(227,178,11,0.01,1,1,''),(228,178,13,1,1,1,''),(229,179,11,0.01,1,1,''),(230,179,15,0.01,1,1,''),(231,180,12,0.05,1,1,''),(232,180,16,136,1,1,''),(233,181,11,0.01,1,1,''),(234,182,13,1,1,1,''),(235,183,15,0.01,1,1,'测试'),(236,184,15,0.01,1,1,''),(237,185,15,0.01,1,1,''),(238,186,15,0.01,1,1,''),(239,187,15,0.01,1,1,''),(240,188,12,0.05,1,1,''),(241,189,11,0.01,1,1,''),(242,190,11,0.01,1,1,''),(243,191,15,0.01,1,1,''),(244,192,13,1,1,1,''),(245,192,16,136,1,1,''),(246,193,11,0.01,1,1,''),(247,194,11,0.01,1,1,''),(248,195,15,0.01,1,1,''),(249,196,15,0.01,1,1,''),(250,197,15,0.01,1,1,''),(251,198,11,0.01,1,1,''),(252,199,15,0.01,1,1,''),(253,200,11,0.01,1,1,''),(254,201,11,0.01,1,1,''),(255,202,11,0.01,1,1,''),(256,203,11,0.01,1,1,''),(257,203,12,0.05,1,1,''),(258,204,11,0.01,1,2,''),(259,204,13,1,1,2,''),(260,205,11,0.01,1,1,''),(261,206,11,0.01,1,1,''),(262,207,13,1,1,1,''),(263,207,15,0.01,1,1,''),(264,208,11,0.01,1,1,''),(265,209,11,0.01,1,1,''),(266,210,11,0.01,1,1,''),(267,211,11,0.01,1,1,''),(268,212,15,0.01,1,1,''),(269,213,15,0.01,1,1,''),(270,214,15,0.01,1,1,''),(271,215,15,0.01,1,1,''),(272,216,11,0.01,1,1,''),(273,216,13,1,1,1,''),(274,216,15,0.01,1,1,''),(275,217,16,136,1,1,''),(276,218,15,0.01,1,1,''),(277,219,13,1,1,1,''),(278,220,13,1,1,8,''),(279,221,69,22,1,1,''),(280,222,33,12,1,1,''),(281,223,73,0.01,1,1,''),(282,224,73,0.01,1,1,'');

/*Table structure for table `w_pay_notice_log` */

DROP TABLE IF EXISTS `w_pay_notice_log`;

CREATE TABLE `w_pay_notice_log` (
  `id` int(11) unsigned NOT NULL AUTO_INCREMENT COMMENT '表ID',
  `shop_id` int(11) unsigned NOT NULL COMMENT '店铺ID',
  `order_id` int(11) unsigned NOT NULL COMMENT '订单ID',
  `message` varchar(255) NOT NULL COMMENT '日志消息',
  `created_at` int(10) unsigned NOT NULL COMMENT '通知时间',
  PRIMARY KEY (`id`),
  KEY `shop_id` (`shop_id`),
  KEY `order_id` (`order_id`)
) ENGINE=InnoDB AUTO_INCREMENT=62 DEFAULT CHARSET=utf8 COMMENT='订单支付微信通知日志表';

/*Data for the table `w_pay_notice_log` */

insert  into `w_pay_notice_log`(`id`,`shop_id`,`order_id`,`message`,`created_at`) values (1,21,4294967295,'Got paid info: [\"201510201153350106\",\"1\",\"21\"]',1445313231),(2,21,4294967295,'Got paid info: [\"201510201153450847\",\"10\",\"21\"]',1445313241),(3,21,0,'Got paid info: [\"0\",\"1\",\"21\"]',1445314389),(4,21,0,'Got paid info: [\"0\",\"1\",\"21\"]',1445322412),(5,21,0,'Got paid info: [\"0\",\"1\",\"21\"]',1445322558),(6,21,0,'Got paid info: [\"0\",\"1\",\"21\"]',1445322992),(7,21,89,'Got paid info: [\"89\",\"1\",\"21\"]',1445325975),(8,21,90,'Got paid info: [\"90\",\"1\",\"21\"]',1445326338),(9,21,91,'Got paid info: [\"91\",\"1\",\"21\"]',1445326642),(10,21,92,'Got paid info: [\"92\",\"1\",\"21\"]',1445326884),(11,21,93,'Got paid info: [\"93\",\"1\",\"21\"]',1445327168),(12,21,94,'Got paid info: [\"94\",\"1\",\"21\"]',1445327427),(13,21,95,'Got paid info: [\"95\",\"1\",\"21\"]',1445327566),(14,0,0,'Got paid info: [\"0\",\"1\",\"ggg\"]',1445328004),(15,0,0,'Got paid info: [\"0\",\"1\",\"ggg\"]',1445328293),(16,0,95,'Got paid info: [95,\"1\",\"ggg\"]',1445328336),(17,0,95,'Got paid info: [95,\"1\",\"ggg\"]',1445328576),(18,0,0,'Got paid info: [\"0\",\"1\",\"ggg\"]',1445328597),(19,21,96,'Got paid info: [\"96\",\"1\",\"21\"]',1445328652),(20,21,98,'Got paid info: [\"98\",\"1\",\"21\"]',1445328746),(21,21,100,'Got paid info: [\"100\",\"1\",\"21\"]',1445328874),(22,21,101,'Got paid info: [\"101\",\"1\",\"21\"]',1445336203),(23,21,102,'Got paid info: [\"102\",\"12\",\"21\"]',1445395965),(24,21,108,'Got paid info: [\"108\",\"1\",\"21\"]',1445423262),(25,21,112,'Got paid info: [\"112\",\"1\",\"21\"]',1445566256),(26,21,113,'Got paid info: [\"113\",\"1\",\"21\"]',1445567040),(27,21,155,'Got paid info: [\"155\",\"1\",\"21\"]',1446025864),(28,21,133,'Got paid info: [\"133\",\"1\",\"21\"]',1446025906),(29,22,161,'Got paid info: [\"161\",\"2\",\"22\"]',1446026086),(30,21,134,'Got paid info: [\"134\",\"1\",\"21\"]',1446026117),(31,22,162,'Got paid info: [\"162\",\"1\",\"22\"]',1446026200),(32,21,135,'Got paid info: [\"135\",\"1\",\"21\"]',1446026358),(33,22,138,'Got paid info: [\"138\",\"3\",\"22\"]',1446026567),(34,21,153,'Got paid info: [\"153\",\"1\",\"21\"]',1446026586),(35,21,142,'Got paid info: [\"142\",\"1\",\"21\"]',1446026874),(36,22,136,'Got paid info: [\"136\",\"1\",\"22\"]',1446027095),(37,21,179,'Got paid info: [\"179\",\"2\",\"21\"]',1446451623),(38,21,181,'Got paid info: [\"181\",\"1\",\"21\"]',1446452381),(39,21,183,'Got paid info: [\"183\",\"1\",\"21\"]',1446514291),(40,21,184,'Got paid info: [\"184\",\"1\",\"21\"]',1446515246),(41,21,185,'Got paid info: [\"185\",\"1\",\"21\"]',1446515576),(42,21,185,'Got paid info: [\"185\",\"1\",\"21\"]',1446515589),(43,21,189,'Got paid info: [\"189\",\"1\",\"21\"]',1446519052),(44,21,190,'Got paid info: [\"190\",\"1\",\"21\"]',1446519060),(45,21,193,'Got paid info: [\"193\",\"1\",\"21\"]',1446519082),(46,21,194,'Got paid info: [\"194\",\"1\",\"21\"]',1446519134),(47,21,195,'Got paid info: [\"195\",\"1\",\"21\"]',1446532201),(48,21,195,'Got paid info: [\"195\",\"1\",\"21\"]',1446532212),(49,21,196,'Got paid info: [\"196\",\"1\",\"21\"]',1446532280),(50,21,197,'Got paid info: [\"197\",\"1\",\"21\"]',1446532330),(51,21,198,'Got paid info: [\"198\",\"1\",\"21\"]',1446532364),(52,21,199,'Got paid info: [\"199\",\"1\",\"21\"]',1446532618),(53,21,200,'Got paid info: [\"200\",\"1\",\"21\"]',1446532678),(54,21,206,'Got paid info: [\"206\",\"1\",\"21\"]',1446693930),(55,21,209,'Got paid info: [\"209\",\"1\",\"21\"]',1447409528),(56,21,210,'Got paid info: [\"210\",\"1\",\"21\"]',1447409699),(57,21,211,'Got paid info: [\"211\",\"1\",\"21\"]',1447409833),(58,21,212,'Got paid info: [\"212\",\"1\",\"21\"]',1447410673),(59,21,213,'Got paid info: [\"213\",\"1\",\"21\"]',1447639773),(60,24,223,'Got paid info: [\"223\",\"1\",\"24\"]',1447936004),(61,24,224,'Got paid info: [\"224\",\"1\",\"24\"]',1447936088);

/*Table structure for table `w_platform` */

DROP TABLE IF EXISTS `w_platform`;

CREATE TABLE `w_platform` (
  `id` int(11) NOT NULL AUTO_INCREMENT,
  `name` varchar(20) NOT NULL COMMENT '商家名称',
  `logo` varchar(40) NOT NULL COMMENT '商家LOG',
  `status` int(11) NOT NULL DEFAULT '1' COMMENT '商家状态，1：正常',
  `created_at` int(11) NOT NULL COMMENT '创建时间',
  PRIMARY KEY (`id`)
) ENGINE=InnoDB DEFAULT CHARSET=utf8;

/*Data for the table `w_platform` */

/*Table structure for table `w_platform_shop` */

DROP TABLE IF EXISTS `w_platform_shop`;

CREATE TABLE `w_platform_shop` (
  `id` int(11) NOT NULL AUTO_INCREMENT,
  `name` varchar(20) NOT NULL COMMENT '店铺名称',
  `logo` varchar(40) DEFAULT NULL COMMENT '店铺LOG',
  `status` int(11) NOT NULL DEFAULT '1' COMMENT '店铺状态 1：正常',
  `platform_id` int(11) NOT NULL COMMENT '所属商家',
  `uid` int(11) DEFAULT NULL COMMENT '创建者ID',
  `created_at` int(11) NOT NULL COMMENT '创建时间',
  PRIMARY KEY (`id`)
) ENGINE=InnoDB AUTO_INCREMENT=25 DEFAULT CHARSET=utf8;

/*Data for the table `w_platform_shop` */

insert  into `w_platform_shop`(`id`,`name`,`logo`,`status`,`platform_id`,`uid`,`created_at`) values (20,'bg',NULL,1,0,32,1444640508),(21,'老谭家的早餐店',NULL,1,0,33,1444976734),(22,'猫咪森林咖啡店',NULL,1,0,34,1446017188),(23,'1205',NULL,1,0,35,1446533402),(24,'渝中区英尚餐厅',NULL,1,0,36,1447295909);

/*Table structure for table `w_print` */

DROP TABLE IF EXISTS `w_print`;

CREATE TABLE `w_print` (
  `id` int(11) NOT NULL AUTO_INCREMENT,
  `name` varchar(20) NOT NULL,
  `ip` varchar(20) DEFAULT NULL,
  `shop_id` int(11) DEFAULT NULL,
  `default` int(11) DEFAULT '0',
  PRIMARY KEY (`id`)
) ENGINE=InnoDB AUTO_INCREMENT=12 DEFAULT CHARSET=utf8;

/*Data for the table `w_print` */

insert  into `w_print`(`id`,`name`,`ip`,`shop_id`,`default`) values (3,'小票打印机',NULL,22,1),(4,'厨房打印机',NULL,22,0),(5,'收银台打印机',NULL,23,1),(7,'XP-58',NULL,21,0),(9,'厨房',NULL,24,0),(10,'XP-58',NULL,24,0),(11,'厨房',NULL,21,0);

/*Table structure for table `w_shop_table` */

DROP TABLE IF EXISTS `w_shop_table`;

CREATE TABLE `w_shop_table` (
  `id` int(8) unsigned NOT NULL AUTO_INCREMENT COMMENT 'ID',
  `shop_id` int(8) unsigned NOT NULL COMMENT '店铺ID',
  `platform_id` int(8) unsigned NOT NULL DEFAULT '0' COMMENT '平台id',
  `name` varchar(100) NOT NULL DEFAULT '' COMMENT '名称',
  `qrcode_id` int(11) NOT NULL DEFAULT '0' COMMENT '二维码id',
  `status` tinyint(4) NOT NULL DEFAULT '1' COMMENT '状态 -1:删除 0:禁用 1:启用',
  `created_at` int(11) unsigned NOT NULL COMMENT '创建时间',
  `updated_at` int(11) unsigned DEFAULT NULL COMMENT '更新时间',
  `deleted_at` int(11) unsigned DEFAULT NULL COMMENT '删除时间',
  PRIMARY KEY (`id`),
  KEY `id` (`id`) USING BTREE
) ENGINE=InnoDB AUTO_INCREMENT=105 DEFAULT CHARSET=utf8;

/*Data for the table `w_shop_table` */

insert  into `w_shop_table`(`id`,`shop_id`,`platform_id`,`name`,`qrcode_id`,`status`,`created_at`,`updated_at`,`deleted_at`) values (16,20,0,'A1',0,1,1444640559,NULL,NULL),(17,20,0,'A2',10,1,1444812530,NULL,NULL),(23,20,0,'cs1',13,1,1444974466,NULL,NULL),(24,20,0,'abcd12',14,1,1444974508,NULL,NULL),(30,20,0,'112',0,1,1444980584,NULL,NULL),(31,21,0,'A1',0,1,1444983114,NULL,NULL),(32,20,0,'a1',0,1,1444983173,NULL,NULL),(33,20,0,'a1',0,1,1444983181,NULL,NULL),(34,21,0,'A1',0,1,1444983211,NULL,NULL),(35,20,0,'12',22,1,1444983319,NULL,NULL),(38,20,0,'ds',26,1,1444983661,NULL,NULL),(39,20,0,'dd',27,1,1444983684,NULL,NULL),(42,21,0,'A14',31,1,1446015692,NULL,NULL),(43,21,0,'A1',32,1,1446016308,NULL,NULL),(44,22,0,'A1',33,1,1446017217,NULL,NULL),(45,21,0,'B1',34,1,1446515755,NULL,NULL),(46,21,0,'D12',35,1,1446519445,NULL,NULL),(47,23,0,'1号桌',36,1,1446534237,NULL,NULL),(49,21,0,'A1',38,1,1447409400,NULL,NULL),(50,24,0,'A1',39,1,1447924881,NULL,NULL),(51,24,0,'A2',40,1,1447924891,NULL,NULL),(52,24,0,'A3',41,1,1447924900,NULL,NULL),(53,24,0,'A4',42,1,1447924909,NULL,NULL),(54,24,0,'A5',43,1,1447924918,NULL,NULL),(55,24,0,'A6',44,1,1447924925,NULL,NULL),(56,24,0,'A7',45,1,1447924930,NULL,NULL),(57,24,0,'A8',46,1,1447924935,NULL,NULL),(58,24,0,'B1',47,1,1447925131,NULL,NULL),(59,24,0,'B2',48,1,1447925136,NULL,NULL),(60,24,0,'B3',49,1,1447925142,NULL,NULL),(61,24,0,'B4',50,1,1447925147,NULL,NULL),(62,24,0,'B5',51,1,1447925152,NULL,NULL),(63,24,0,'B6',52,1,1447925157,NULL,NULL),(64,24,0,'B7',53,1,1447925162,NULL,NULL),(65,24,0,'B8',54,1,1447925185,NULL,NULL),(66,24,0,'B9',55,1,1447925199,NULL,NULL),(67,24,0,'B10',56,1,1447925205,NULL,NULL),(68,24,0,'C1',57,1,1447925281,NULL,NULL),(69,24,0,'C2',58,1,1447925288,NULL,NULL),(70,24,0,'C3',59,1,1447925293,NULL,NULL),(71,24,0,'C4',60,1,1447925299,NULL,NULL),(72,24,0,'C5',61,1,1447925303,NULL,NULL),(73,24,0,'C6',62,1,1447925314,NULL,NULL),(74,24,0,'C7',63,1,1447925320,NULL,NULL),(75,24,0,'C8',64,1,1447925325,NULL,NULL),(76,24,0,'C9',65,1,1447925330,NULL,NULL),(77,24,0,'C10',66,1,1447925336,NULL,NULL),(78,24,0,'D1',67,1,1447925341,NULL,NULL),(79,24,0,'D2',68,1,1447925346,NULL,NULL),(80,24,0,'D3',69,1,1447925351,NULL,NULL),(81,24,0,'D4',70,1,1447925356,NULL,NULL),(82,24,0,'D5',71,1,1447925362,NULL,NULL),(83,24,0,'D6',72,1,1447925373,NULL,NULL),(84,24,0,'D7',73,1,1447925435,NULL,NULL),(85,24,0,'D8',74,1,1447925441,NULL,NULL),(86,24,0,'D9',75,1,1447925446,NULL,NULL),(87,24,0,'D10',76,1,1447925451,NULL,NULL),(88,24,0,'E1',77,1,1447925456,NULL,NULL),(89,24,0,'E2',78,1,1447925461,NULL,NULL),(90,24,0,'E3',79,1,1447925466,NULL,NULL),(91,24,0,'E4',80,1,1447925471,NULL,NULL),(92,24,0,'E5',81,1,1447925476,NULL,NULL),(93,24,0,'E6',82,1,1447925481,NULL,NULL),(94,24,0,'E7',83,1,1447925486,NULL,NULL),(95,24,0,'E8',84,1,1447925493,NULL,NULL),(96,24,0,'F1',85,1,1447925619,NULL,NULL),(97,24,0,'F2',86,1,1447925625,NULL,NULL),(98,24,0,'F3',87,1,1447925634,NULL,NULL),(99,24,0,'F4',88,1,1447925639,NULL,NULL),(100,24,0,'F5',89,1,1447925644,NULL,NULL),(101,24,0,'F6',90,1,1447925649,NULL,NULL),(102,24,0,'F7',91,1,1447925654,NULL,NULL),(103,24,0,'F8',92,1,1447925660,NULL,NULL),(104,20,0,'xxyyy',93,1,1449830524,NULL,NULL);

/*Table structure for table `w_test` */

DROP TABLE IF EXISTS `w_test`;

CREATE TABLE `w_test` (
  `test` text
) ENGINE=InnoDB DEFAULT CHARSET=utf8;

/*Data for the table `w_test` */

insert  into `w_test`(`test`) values (NULL),(NULL),(NULL),(NULL),('{\"appid\":\"wxcc0739e80478f18a\",\"attach\":\"21\",\"bank_type\":\"CFT\",\"cash_fee\":\"1\",\"fee_type\":\"CNY\",\"is_subscribe\":\"Y\",\"mch_id\":\"1273598501\",\"nonce_str\":\"dtpmyxzqle1ets7i3qsqb2k8q06jjj3y\",\"openid\":\"oo1dNwWexQjCasMIlnRGT_OqB46I\",\"out_trade_no\":\"201510281728440301\",\"result_code\":\"SUCCESS\",\"return_code\":\"SUCCESS\",\"sign\":\"4DE3252D123AF53B0C600CD16E618A99\",\"time_end\":\"20151028172857\",\"total_fee\":\"1\",\"trade_type\":\"JSAPI\",\"transaction_id\":\"1006880752201510281366343451\"}'),(NULL),('{\"appid\":\"wxcc0739e80478f18a\",\"attach\":\"21\",\"bank_type\":\"CFT\",\"cash_fee\":\"1\",\"fee_type\":\"CNY\",\"is_subscribe\":\"Y\",\"mch_id\":\"1273598501\",\"nonce_str\":\"dtpmyxzqle1ets7i3qsqb2k8q06jjj3y\",\"openid\":\"oo1dNwWexQjCasMIlnRGT_OqB46I\",\"out_trade_no\":\"201510281728440301\",\"result_code\":\"SUCCESS\",\"return_code\":\"SUCCESS\",\"sign\":\"4DE3252D123AF53B0C600CD16E618A99\",\"time_end\":\"20151028172857\",\"total_fee\":\"1\",\"trade_type\":\"JSAPI\",\"transaction_id\":\"1006880752201510281366343451\"}'),(NULL),(NULL),('{\"appid\":\"wxcc0739e80478f18a\",\"attach\":\"21\",\"bank_type\":\"CFT\",\"cash_fee\":\"1\",\"fee_type\":\"CNY\",\"is_subscribe\":\"Y\",\"mch_id\":\"1273598501\",\"nonce_str\":\"slfl764qnt39uxcyh7jv188es82xg3h9\",\"openid\":\"oo1dNwVtnqPTofrvUooHQHKqRhps\",\"out_trade_no\":\"201510281624540675\",\"result_code\":\"SUCCESS\",\"return_code\":\"SUCCESS\",\"sign\":\"F5F70404785E183A9D76660BC399C37D\",\"time_end\":\"20151028162504\",\"total_fee\":\"1\",\"trade_type\":\"JSAPI\",\"transaction_id\":\"1008320752201510281365513487\"}'),(NULL),('{\"appid\":\"wxcc0739e80478f18a\",\"attach\":\"21\",\"bank_type\":\"CFT\",\"cash_fee\":\"1\",\"fee_type\":\"CNY\",\"is_subscribe\":\"Y\",\"mch_id\":\"1273598501\",\"nonce_str\":\"dtpmyxzqle1ets7i3qsqb2k8q06jjj3y\",\"openid\":\"oo1dNwWexQjCasMIlnRGT_OqB46I\",\"out_trade_no\":\"201510281728440301\",\"result_code\":\"SUCCESS\",\"return_code\":\"SUCCESS\",\"sign\":\"4DE3252D123AF53B0C600CD16E618A99\",\"time_end\":\"20151028172857\",\"total_fee\":\"1\",\"trade_type\":\"JSAPI\",\"transaction_id\":\"1006880752201510281366343451\"}'),(NULL),('{\"appid\":\"wxcc0739e80478f18a\",\"attach\":\"21\",\"bank_type\":\"CFT\",\"cash_fee\":\"1\",\"fee_type\":\"CNY\",\"is_subscribe\":\"Y\",\"mch_id\":\"1273598501\",\"nonce_str\":\"dtpmyxzqle1ets7i3qsqb2k8q06jjj3y\",\"openid\":\"oo1dNwWexQjCasMIlnRGT_OqB46I\",\"out_trade_no\":\"201510281728440301\",\"result_code\":\"SUCCESS\",\"return_code\":\"SUCCESS\",\"sign\":\"4DE3252D123AF53B0C600CD16E618A99\",\"time_end\":\"20151028172857\",\"total_fee\":\"1\",\"trade_type\":\"JSAPI\",\"transaction_id\":\"1006880752201510281366343451\"}'),(NULL),(NULL),('{\"appid\":\"wxcc0739e80478f18a\",\"attach\":\"22\",\"bank_type\":\"CFT\",\"cash_fee\":\"3\",\"fee_type\":\"CNY\",\"is_subscribe\":\"Y\",\"mch_id\":\"1273598501\",\"nonce_str\":\"1pzricehez6aj5bh0u1xf60vdx4afc9u\",\"openid\":\"oo1dNwVNG0u7o2z9QGS7fel40Fp8\",\"out_trade_no\":\"201510281658130282\",\"result_code\":\"SUCCESS\",\"return_code\":\"SUCCESS\",\"sign\":\"3CE351636D1FE78D8C52DF14C9E60143\",\"time_end\":\"20151028165828\",\"total_fee\":\"3\",\"trade_type\":\"JSAPI\",\"transaction_id\":\"1001940752201510281365936818\"}'),(NULL),('{\"appid\":\"wxcc0739e80478f18a\",\"attach\":\"21\",\"bank_type\":\"CFT\",\"cash_fee\":\"1\",\"fee_type\":\"CNY\",\"is_subscribe\":\"Y\",\"mch_id\":\"1273598501\",\"nonce_str\":\"dtpmyxzqle1ets7i3qsqb2k8q06jjj3y\",\"openid\":\"oo1dNwWexQjCasMIlnRGT_OqB46I\",\"out_trade_no\":\"201510281728440301\",\"result_code\":\"SUCCESS\",\"return_code\":\"SUCCESS\",\"sign\":\"4DE3252D123AF53B0C600CD16E618A99\",\"time_end\":\"20151028172857\",\"total_fee\":\"1\",\"trade_type\":\"JSAPI\",\"transaction_id\":\"1006880752201510281366343451\"}'),(NULL),('{\"appid\":\"wxcc0739e80478f18a\",\"attach\":\"21\",\"bank_type\":\"CFT\",\"cash_fee\":\"1\",\"fee_type\":\"CNY\",\"is_subscribe\":\"Y\",\"mch_id\":\"1273598501\",\"nonce_str\":\"06b8j8qgqmkz2apgfnhdtngnxyj9ft5x\",\"openid\":\"oo1dNwWexQjCasMIlnRGT_OqB46I\",\"out_trade_no\":\"201510281703330175\",\"result_code\":\"SUCCESS\",\"return_code\":\"SUCCESS\",\"sign\":\"A8A6AB8579137172EFAAEEB4E0C771B3\",\"time_end\":\"20151028170346\",\"total_fee\":\"1\",\"trade_type\":\"JSAPI\",\"transaction_id\":\"1006880752201510281365997252\"}'),(NULL),('{\"appid\":\"wxcc0739e80478f18a\",\"attach\":\"22\",\"bank_type\":\"CFT\",\"cash_fee\":\"1\",\"fee_type\":\"CNY\",\"is_subscribe\":\"Y\",\"mch_id\":\"1273598501\",\"nonce_str\":\"w8jdjsmnhi3guw9opuxr41iobt2ao05f\",\"openid\":\"oo1dNwXnmV9syCS6Raip1v8Jr_ts\",\"out_trade_no\":\"201510281636490604\",\"result_code\":\"SUCCESS\",\"return_code\":\"SUCCESS\",\"sign\":\"FFDC3EE37E3B56B6C75CBE25290908B7\",\"time_end\":\"20151028163714\",\"total_fee\":\"1\",\"trade_type\":\"JSAPI\",\"transaction_id\":\"1007200752201510281365659237\"}'),('{\"appid\":\"wxcc0739e80478f18a\",\"attach\":\"21\",\"bank_type\":\"CFT\",\"cash_fee\":\"1\",\"fee_type\":\"CNY\",\"is_subscribe\":\"Y\",\"mch_id\":\"1273598501\",\"nonce_str\":\"8awyc71y0peim4c3h2fbgqa96fni669m\",\"openid\":\"oo1dNwWexQjCasMIlnRGT_OqB46I\",\"out_trade_no\":\"201510281750560375\",\"result_code\":\"SUCCESS\",\"return_code\":\"SUCCESS\",\"sign\":\"8046F30CE43A74907C11671F7CA765F9\",\"time_end\":\"20151028175104\",\"total_fee\":\"1\",\"trade_type\":\"JSAPI\",\"transaction_id\":\"1006880752201510281366626988\"}'),('{\"appid\":\"wxcc0739e80478f18a\",\"attach\":\"21\",\"bank_type\":\"CFT\",\"cash_fee\":\"1\",\"fee_type\":\"CNY\",\"is_subscribe\":\"Y\",\"mch_id\":\"1273598501\",\"nonce_str\":\"hfpmapdq3ny8xf1vjweb4q7y80k911qc\",\"openid\":\"oo1dNwVtnqPTofrvUooHQHKqRhps\",\"out_trade_no\":\"201510281617180024\",\"result_code\":\"SUCCESS\",\"return_code\":\"SUCCESS\",\"sign\":\"D381A3322C32C4B7A59170FD4CCE846B\",\"time_end\":\"20151028161726\",\"total_fee\":\"1\",\"trade_type\":\"JSAPI\",\"transaction_id\":\"1008320752201510281365406158\"}'),('{\"appid\":\"wxcc0739e80478f18a\",\"attach\":\"22\",\"bank_type\":\"CFT\",\"cash_fee\":\"2\",\"fee_type\":\"CNY\",\"is_subscribe\":\"Y\",\"mch_id\":\"1273598501\",\"nonce_str\":\"9mxq5ki7dulbojz1bxbsaw5tgffdvux9\",\"openid\":\"oo1dNwVNG0u7o2z9QGS7fel40Fp8\",\"out_trade_no\":\"201510281754330640\",\"result_code\":\"SUCCESS\",\"return_code\":\"SUCCESS\",\"sign\":\"51DDE5A8DE83AF8D6D975B6FDA704F31\",\"time_end\":\"20151028175445\",\"total_fee\":\"2\",\"trade_type\":\"JSAPI\",\"transaction_id\":\"1001940752201510281366699057\"}'),('{\"appid\":\"wxcc0739e80478f18a\",\"attach\":\"21\",\"bank_type\":\"CFT\",\"cash_fee\":\"1\",\"fee_type\":\"CNY\",\"is_subscribe\":\"Y\",\"mch_id\":\"1273598501\",\"nonce_str\":\"0486sbe0h9vvgdm33fv57rknyl0jh3uz\",\"openid\":\"oo1dNwVtnqPTofrvUooHQHKqRhps\",\"out_trade_no\":\"201510281620500272\",\"result_code\":\"SUCCESS\",\"return_code\":\"SUCCESS\",\"sign\":\"8921FAA78DED96BB5469F08BE8922C4E\",\"time_end\":\"20151028162101\",\"total_fee\":\"1\",\"trade_type\":\"JSAPI\",\"transaction_id\":\"1008320752201510281365452331\"}'),('{\"appid\":\"wxcc0739e80478f18a\",\"attach\":\"22\",\"bank_type\":\"CFT\",\"cash_fee\":\"1\",\"fee_type\":\"CNY\",\"is_subscribe\":\"Y\",\"mch_id\":\"1273598501\",\"nonce_str\":\"umbnnfdgqscsedie2a0ptp2beiwy4ki3\",\"openid\":\"oo1dNwXnmV9syCS6Raip1v8Jr_ts\",\"out_trade_no\":\"201510281756260040\",\"result_code\":\"SUCCESS\",\"return_code\":\"SUCCESS\",\"sign\":\"7B910D4728DC6CA3026D290BB8294E0F\",\"time_end\":\"20151028175640\",\"total_fee\":\"1\",\"trade_type\":\"JSAPI\",\"transaction_id\":\"1007200752201510281366707173\"}'),('{\"appid\":\"wxcc0739e80478f18a\",\"attach\":\"21\",\"bank_type\":\"CFT\",\"cash_fee\":\"1\",\"fee_type\":\"CNY\",\"is_subscribe\":\"Y\",\"mch_id\":\"1273598501\",\"nonce_str\":\"slfl764qnt39uxcyh7jv188es82xg3h9\",\"openid\":\"oo1dNwVtnqPTofrvUooHQHKqRhps\",\"out_trade_no\":\"201510281624540675\",\"result_code\":\"SUCCESS\",\"return_code\":\"SUCCESS\",\"sign\":\"F5F70404785E183A9D76660BC399C37D\",\"time_end\":\"20151028162504\",\"total_fee\":\"1\",\"trade_type\":\"JSAPI\",\"transaction_id\":\"1008320752201510281365513487\"}'),('{\"appid\":\"wxcc0739e80478f18a\",\"attach\":\"22\",\"bank_type\":\"CFT\",\"cash_fee\":\"3\",\"fee_type\":\"CNY\",\"is_subscribe\":\"Y\",\"mch_id\":\"1273598501\",\"nonce_str\":\"1pzricehez6aj5bh0u1xf60vdx4afc9u\",\"openid\":\"oo1dNwVNG0u7o2z9QGS7fel40Fp8\",\"out_trade_no\":\"201510281658130282\",\"result_code\":\"SUCCESS\",\"return_code\":\"SUCCESS\",\"sign\":\"3CE351636D1FE78D8C52DF14C9E60143\",\"time_end\":\"20151028165828\",\"total_fee\":\"3\",\"trade_type\":\"JSAPI\",\"transaction_id\":\"1001940752201510281365936818\"}'),('{\"appid\":\"wxcc0739e80478f18a\",\"attach\":\"21\",\"bank_type\":\"CFT\",\"cash_fee\":\"1\",\"fee_type\":\"CNY\",\"is_subscribe\":\"Y\",\"mch_id\":\"1273598501\",\"nonce_str\":\"dtpmyxzqle1ets7i3qsqb2k8q06jjj3y\",\"openid\":\"oo1dNwWexQjCasMIlnRGT_OqB46I\",\"out_trade_no\":\"201510281728440301\",\"result_code\":\"SUCCESS\",\"return_code\":\"SUCCESS\",\"sign\":\"4DE3252D123AF53B0C600CD16E618A99\",\"time_end\":\"20151028172857\",\"total_fee\":\"1\",\"trade_type\":\"JSAPI\",\"transaction_id\":\"1006880752201510281366343451\"}'),('{\"appid\":\"wxcc0739e80478f18a\",\"attach\":\"21\",\"bank_type\":\"CFT\",\"cash_fee\":\"1\",\"fee_type\":\"CNY\",\"is_subscribe\":\"Y\",\"mch_id\":\"1273598501\",\"nonce_str\":\"06b8j8qgqmkz2apgfnhdtngnxyj9ft5x\",\"openid\":\"oo1dNwWexQjCasMIlnRGT_OqB46I\",\"out_trade_no\":\"201510281703330175\",\"result_code\":\"SUCCESS\",\"return_code\":\"SUCCESS\",\"sign\":\"A8A6AB8579137172EFAAEEB4E0C771B3\",\"time_end\":\"20151028170346\",\"total_fee\":\"1\",\"trade_type\":\"JSAPI\",\"transaction_id\":\"1006880752201510281365997252\"}'),('{\"appid\":\"wxcc0739e80478f18a\",\"attach\":\"22\",\"bank_type\":\"CFT\",\"cash_fee\":\"1\",\"fee_type\":\"CNY\",\"is_subscribe\":\"Y\",\"mch_id\":\"1273598501\",\"nonce_str\":\"w8jdjsmnhi3guw9opuxr41iobt2ao05f\",\"openid\":\"oo1dNwXnmV9syCS6Raip1v8Jr_ts\",\"out_trade_no\":\"201510281636490604\",\"result_code\":\"SUCCESS\",\"return_code\":\"SUCCESS\",\"sign\":\"FFDC3EE37E3B56B6C75CBE25290908B7\",\"time_end\":\"20151028163714\",\"total_fee\":\"1\",\"trade_type\":\"JSAPI\",\"transaction_id\":\"1007200752201510281365659237\"}'),('{\"appid\":\"wxcc0739e80478f18a\",\"attach\":\"21\",\"bank_type\":\"CFT\",\"cash_fee\":\"2\",\"fee_type\":\"CNY\",\"is_subscribe\":\"Y\",\"mch_id\":\"1273598501\",\"nonce_str\":\"d38b7fzvukzwt7xawnhtsnq1s3t2xsez\",\"openid\":\"oo1dNwVNG0u7o2z9QGS7fel40Fp8\",\"out_trade_no\":\"201511021606340885\",\"result_code\":\"SUCCESS\",\"return_code\":\"SUCCESS\",\"sign\":\"E278B7305BBF86509B64E0722C6940B3\",\"time_end\":\"20151102160702\",\"total_fee\":\"2\",\"trade_type\":\"JSAPI\",\"transaction_id\":\"1001940752201511021427857377\"}'),('{\"appid\":\"wxcc0739e80478f18a\",\"attach\":\"21\",\"bank_type\":\"CFT\",\"cash_fee\":\"1\",\"fee_type\":\"CNY\",\"is_subscribe\":\"Y\",\"mch_id\":\"1273598501\",\"nonce_str\":\"craxzsy2myy160t38mznlj8laiyylxy3\",\"openid\":\"oo1dNwVNG0u7o2z9QGS7fel40Fp8\",\"out_trade_no\":\"201511021619300878\",\"result_code\":\"SUCCESS\",\"return_code\":\"SUCCESS\",\"sign\":\"EB2CA1047D7CB0F6FECB6F76AB936676\",\"time_end\":\"20151102161941\",\"total_fee\":\"1\",\"trade_type\":\"JSAPI\",\"transaction_id\":\"1001940752201511021428014252\"}');

/*Table structure for table `w_user` */

DROP TABLE IF EXISTS `w_user`;

CREATE TABLE `w_user` (
  `id` int(11) NOT NULL AUTO_INCREMENT,
  `name` varchar(16) NOT NULL COMMENT '用户名',
  `password` varchar(32) NOT NULL COMMENT '密码',
  `tel` varchar(16) DEFAULT NULL COMMENT '电话',
  `created_at` int(11) NOT NULL COMMENT '创建时间',
  PRIMARY KEY (`id`),
  UNIQUE KEY `name` (`name`)
) ENGINE=InnoDB AUTO_INCREMENT=37 DEFAULT CHARSET=utf8;

/*Data for the table `w_user` */

insert  into `w_user`(`id`,`name`,`password`,`tel`,`created_at`) values (1,'admin','7df44fd7025a07075dca3acc88911770',NULL,0),(32,'bg','e10adc3949ba59abbe56e057f20f883e','186',0),(33,'dd','e10adc3949ba59abbe56e057f20f883e','1858126378',0),(34,'mm','e10adc3949ba59abbe56e057f20f883e','18580126378',0),(35,'every','e10adc3949ba59abbe56e057f20f883e','13245645454',0),(36,'渝中区英尚餐厅','89485d515c456d50d8be7ea86b257c5f','18716333588',0);

/*Table structure for table `w_wx_custom_qrcode` */

DROP TABLE IF EXISTS `w_wx_custom_qrcode`;

CREATE TABLE `w_wx_custom_qrcode` (
  `id` int(11) NOT NULL,
  `qrcode_id` int(11) NOT NULL COMMENT '二维码id',
  `data_type` smallint(6) NOT NULL DEFAULT '1' COMMENT '图文、文字',
  `data_content` text COMMENT '内容',
  `status` smallint(6) NOT NULL DEFAULT '1',
  `created_at` int(11) NOT NULL,
  PRIMARY KEY (`id`)
) ENGINE=InnoDB DEFAULT CHARSET=utf8;

/*Data for the table `w_wx_custom_qrcode` */

/*Table structure for table `w_wx_material` */

DROP TABLE IF EXISTS `w_wx_material`;

CREATE TABLE `w_wx_material` (
  `id` int(11) NOT NULL AUTO_INCREMENT,
  `key` char(20) NOT NULL COMMENT '系统必要的素材',
  `name` varchar(255) NOT NULL DEFAULT '名字',
  `content` text NOT NULL COMMENT '内容序列化数组',
  `status` smallint(1) NOT NULL DEFAULT '1' COMMENT '状态0删除1正常',
  `created_at` int(11) NOT NULL,
  PRIMARY KEY (`id`)
) ENGINE=InnoDB AUTO_INCREMENT=4 DEFAULT CHARSET=utf8 COMMENT='素材表';

/*Data for the table `w_wx_material` */

insert  into `w_wx_material`(`id`,`key`,`name`,`content`,`status`,`created_at`) values (1,'table','戳图点餐!','a:2:{i:0;a:3:{s:5:\"title\";s:22:\"你已进入__桌号__\";s:6:\"picurl\";s:72:\"http://www.qulianchn.com/Public/Wx/Material/2015-11-06/563c7b32d3426.jpg\";s:3:\"url\";s:115:\"http://__shop_id__.qulianchn.com/index?mid=__mid__&amp;amp;amp;amp;table=__table_id__&amp;amp;amp;amp;time=__time__\";}i:1;a:3:{s:5:\"title\";s:12:\"我是趣联\";s:6:\"picurl\";s:72:\"http://www.qulianchn.com/Public/Wx/Material/2015-11-06/563c7b5408748.jpg\";s:3:\"url\";s:27:\"http://eqxiu.com/s/Ubq0oJzT\";}}',1,1446216024),(3,'','测试素材','a:1:{i:0;a:4:{s:5:\"title\";s:3:\"看\";s:11:\"description\";s:36:\"跟着我左手右手一个慢动作\";s:6:\"picurl\";s:71:\"http://gypc2.nat123.net/Public/Wx/Material/2015-11-04/5639bee84f96f.jpg\";s:3:\"url\";s:20:\"http://www.baidu.com\";}}',1,1446216024);

/*Table structure for table `w_wx_menu` */

DROP TABLE IF EXISTS `w_wx_menu`;

CREATE TABLE `w_wx_menu` (
  `id` int(11) NOT NULL AUTO_INCREMENT,
  `name` varchar(50) NOT NULL COMMENT '名字',
  `type` varchar(50) NOT NULL COMMENT '菜单响应动作类型',
  `group` char(10) DEFAULT NULL COMMENT 'click类型分类 text和img',
  `value` varchar(200) DEFAULT NULL COMMENT 'click类型文本或图文id、view类型为url',
  `pid` int(11) NOT NULL DEFAULT '0',
  `sort` int(11) DEFAULT '0' COMMENT '排序',
  `status` smallint(1) NOT NULL DEFAULT '1' COMMENT '0删除1正常',
  `created_at` int(11) NOT NULL,
  PRIMARY KEY (`id`)
) ENGINE=InnoDB AUTO_INCREMENT=19 DEFAULT CHARSET=utf8;

/*Data for the table `w_wx_menu` */

insert  into `w_wx_menu`(`id`,`name`,`type`,`group`,`value`,`pid`,`sort`,`status`,`created_at`) values (1,'我是商家','click','text','正在建设中，敬请期待...',0,0,1,1445421507),(3,'关于趣联','view',NULL,'http://eqxiu.com/s/Ubq0oJzT',0,1,1,1445421537),(14,'我是吃货','click',NULL,'',0,0,1,1445437535),(16,'我的订单','view',NULL,'http://www.qulianchn.com/site/order/order_list/mid/{mid}',14,0,1,1445437585);

/*Table structure for table `w_wx_pay_log` */

DROP TABLE IF EXISTS `w_wx_pay_log`;

CREATE TABLE `w_wx_pay_log` (
  `id` int(11) NOT NULL AUTO_INCREMENT,
  `openid` varchar(32) NOT NULL,
  `order_id` int(11) NOT NULL COMMENT '订单id',
  `order_sn` varchar(32) NOT NULL COMMENT '商户订单号',
  `body` varchar(200) NOT NULL COMMENT '商品或支付单简要描述',
  `total_fee` int(11) NOT NULL DEFAULT '0' COMMENT '费用  分为单位',
  `status` smallint(1) NOT NULL DEFAULT '0' COMMENT '支付状态 -1过期 0未支付 1已支付',
  `time_start` int(11) NOT NULL DEFAULT '0' COMMENT '交易起始时间',
  `time_expire` int(11) NOT NULL DEFAULT '0' COMMENT '交易结束时间',
  `pay_time` int(11) DEFAULT '0' COMMENT '支付时间',
  `wx_pay_sn` varchar(32) DEFAULT NULL COMMENT '交易单号',
  `attach` varchar(200) DEFAULT NULL COMMENT '商家数据包',
  `is_send` smallint(1) DEFAULT '0' COMMENT '是否通知成功',
  `send_msg` varchar(200) DEFAULT NULL COMMENT '通知失败的msg',
  `created_at` int(11) NOT NULL COMMENT '创建时间',
  PRIMARY KEY (`id`)
) ENGINE=InnoDB AUTO_INCREMENT=209 DEFAULT CHARSET=utf8;

/*Data for the table `w_wx_pay_log` */

insert  into `w_wx_pay_log`(`id`,`openid`,`order_id`,`order_sn`,`body`,`total_fee`,`status`,`time_start`,`time_expire`,`pay_time`,`wx_pay_sn`,`attach`,`is_send`,`send_msg`,`created_at`) values (1,'oo1dNwVtnqPTofrvUooHQHKqRhps',0,'127359850120151014145735','高圆圆',1,1,0,0,1444805876,'1008320752201510141193447621','ggg',0,NULL,1444805855),(2,'oo1dNwVtnqPTofrvUooHQHKqRhps',0,'127359850120151014151314','高圆圆',1,0,0,0,0,'','ggg',0,NULL,1444806794),(3,'oo1dNwWexQjCasMIlnRGT_OqB46I',0,'201510171243420122','商品支付',5000,0,1445062205,1445062805,0,'','',0,NULL,1445062205),(4,'oo1dNwWexQjCasMIlnRGT_OqB46I',0,'201510171243420122','商品支付',5000,0,1445062245,1445062845,0,'','',0,NULL,1445062245),(5,'oo1dNwWexQjCasMIlnRGT_OqB46I',0,'201510171243420122','商品支付',5000,0,1445062265,1445062865,0,'','',0,NULL,1445062265),(6,'oo1dNwWexQjCasMIlnRGT_OqB46I',0,'201510171243420122','商品支付',5000,0,1445062275,1445062875,0,'','',0,NULL,1445062276),(7,'oo1dNwWexQjCasMIlnRGT_OqB46I',0,'201510171243420122','商品支付',5000,0,1445062281,1445062881,0,'','',0,NULL,1445062282),(8,'oo1dNwWexQjCasMIlnRGT_OqB46I',0,'201510171414130987','商品支付',3800,0,1445062454,1445063054,0,'','',0,NULL,1445062455),(9,'oo1dNwWexQjCasMIlnRGT_OqB46I',0,'201510171243420122','商品支付',5000,0,1445062661,1445063261,0,'','',0,NULL,1445062661),(10,'oo1dNwWexQjCasMIlnRGT_OqB46I',0,'201510171418340100','商品支付',3800,0,1445062714,1445063314,0,'','',0,NULL,1445062715),(11,'oo1dNwWexQjCasMIlnRGT_OqB46I',0,'201510171419110999','商品支付',1,0,1445062752,1445063352,0,'','',0,NULL,1445062752),(12,'oo1dNwWexQjCasMIlnRGT_OqB46I',0,'201510171419110999','商品支付',1,0,1445062772,1445063372,0,'','',0,NULL,1445062772),(13,'oo1dNweJzXSlND4DGCNalDx_wUJA',0,'201510171419390563','商品支付',1,0,1445062779,1445063379,0,'','',0,NULL,1445062781),(14,'oo1dNwWexQjCasMIlnRGT_OqB46I',0,'201510171419110999','商品支付',1,0,1445062815,1445063415,0,'','',0,NULL,1445062816),(15,'oo1dNwWexQjCasMIlnRGT_OqB46I',0,'201510171243420122','商品支付',5000,0,1445062947,1445063547,0,'','',0,NULL,1445062948),(16,'oo1dNwWexQjCasMIlnRGT_OqB46I',0,'201510171422510137','商品支付',2800,0,1445062972,1445063572,0,'','',0,NULL,1445062972),(17,'oo1dNwWexQjCasMIlnRGT_OqB46I',0,'201510171423100813','商品支付',1,0,1445062991,1445063591,0,'','',0,NULL,1445062992),(18,'oo1dNwWexQjCasMIlnRGT_OqB46I',0,'201510171423100813','商品支付',1,0,1445063093,1445063693,0,'','',0,NULL,1445063093),(19,'oo1dNwVtnqPTofrvUooHQHKqRhps',0,'201510171425240330','商品支付',1,0,1445063125,1445063725,0,'','',0,NULL,1445063126),(20,'oo1dNwWexQjCasMIlnRGT_OqB46I',0,'201510171425360508','商品支付',1,0,1445063136,1445063736,0,'','',0,NULL,1445063137),(21,'oo1dNwWexQjCasMIlnRGT_OqB46I',0,'201510171425360508','商品支付',1,0,1445063152,1445063752,0,'','',0,NULL,1445063153),(22,'oo1dNwWexQjCasMIlnRGT_OqB46I',0,'201510171426440453','商品支付',1,0,1445063204,1445063804,0,'','',0,NULL,1445063205),(23,'oo1dNwWexQjCasMIlnRGT_OqB46I',0,'201510171426440453','商品支付',1,0,1445063218,1445063818,0,'','',0,NULL,1445063218),(24,'oo1dNweJzXSlND4DGCNalDx_wUJA',0,'201510171427420523','商品支付',1,0,1445063263,1445063863,0,'','',0,NULL,1445063263),(25,'oo1dNweJzXSlND4DGCNalDx_wUJA',0,'201510171428240004','商品支付',1,0,1445063305,1445063905,0,'','',0,NULL,1445063305),(26,'oo1dNweJzXSlND4DGCNalDx_wUJA',0,'201510171429180928','商品支付',1,0,1445063359,1445063959,0,'','',0,NULL,1445063359),(27,'oo1dNwVtnqPTofrvUooHQHKqRhps',0,'201510171432550335','商品支付',1,0,1445063576,1445064176,0,'','',0,NULL,1445063577),(28,'oo1dNwWexQjCasMIlnRGT_OqB46I',0,'201510171432580578','商品支付',2,0,1445063578,1445064178,0,'','',0,NULL,1445063579),(29,'oo1dNwVtnqPTofrvUooHQHKqRhps',0,'201510171433180665','商品支付',1,0,1445063599,1445064199,0,'','',0,NULL,1445063599),(30,'oo1dNwVtnqPTofrvUooHQHKqRhps',0,'201510171433180665','商品支付',1,0,1445063618,1445064218,0,'','',0,NULL,1445063618),(31,'oo1dNwWexQjCasMIlnRGT_OqB46I',0,'201510171434030981','商品支付',1,0,1445063644,1445064244,0,'','',0,NULL,1445063645),(32,'oo1dNwWexQjCasMIlnRGT_OqB46I',0,'201510171434030981','商品支付',1,0,1445063693,1445064293,0,'','',0,NULL,1445063693),(33,'oo1dNwWexQjCasMIlnRGT_OqB46I',0,'201510171434030981','商品支付',1,0,1445063706,1445064306,0,'','',0,NULL,1445063707),(34,'oo1dNwWexQjCasMIlnRGT_OqB46I',0,'201510171434030981','商品支付',1,0,1445063707,1445064307,0,'','',0,NULL,1445063708),(35,'oo1dNwWexQjCasMIlnRGT_OqB46I',0,'201510171434030981','商品支付',1,0,1445063708,1445064308,0,'','',0,NULL,1445063709),(36,'oo1dNwWexQjCasMIlnRGT_OqB46I',0,'201510171434030981','商品支付',1,0,1445063709,1445064309,0,'','',0,NULL,1445063710),(37,'oo1dNwWexQjCasMIlnRGT_OqB46I',0,'201510171434030981','商品支付',1,0,1445063710,1445064310,0,'','',0,NULL,1445063711),(38,'oo1dNwWexQjCasMIlnRGT_OqB46I',0,'201510171434030981','商品支付',1,0,1445063711,1445064311,0,'','',0,NULL,1445063711),(39,'oo1dNwWexQjCasMIlnRGT_OqB46I',0,'201510171434030981','商品支付',1,0,1445063712,1445064312,0,'','',0,NULL,1445063712),(40,'oo1dNwWexQjCasMIlnRGT_OqB46I',0,'201510171434030981','商品支付',1,0,1445063713,1445064313,0,'','',0,NULL,1445063713),(41,'oo1dNwWexQjCasMIlnRGT_OqB46I',0,'201510171435110232','商品支付',3800,0,1445063713,1445064313,0,'','',0,NULL,1445063714),(42,'oo1dNweJzXSlND4DGCNalDx_wUJA',0,'201510171435580490','商品支付',1,0,1445063759,1445064359,0,'','',0,NULL,1445063760),(43,'oo1dNweJzXSlND4DGCNalDx_wUJA',0,'201510171437190530','商品支付',1,1,1445063840,1445064440,1445063852,'1005960752201510171230994336','',0,NULL,1445063840),(44,'oo1dNwWexQjCasMIlnRGT_OqB46I',0,'201510171447290850','商品支付',1,0,1445064449,1445065049,0,'','',0,NULL,1445064450),(45,'oo1dNweJzXSlND4DGCNalDx_wUJA',0,'201510171447420127','商品支付',1,0,1445064463,1445065063,0,'','',0,NULL,1445064464),(46,'oo1dNwWexQjCasMIlnRGT_OqB46I',0,'201510171447290850','商品支付',1,0,1445064501,1445065101,0,'','',0,NULL,1445064501),(47,'oo1dNwVtnqPTofrvUooHQHKqRhps',0,'201510171448560045','商品支付',2800,0,1445064537,1445065137,0,'','',0,NULL,1445064537),(48,'oo1dNwVtnqPTofrvUooHQHKqRhps',0,'201510171455190085','商品支付',1,0,1445064920,1445065520,0,'','',0,NULL,1445064920),(49,'oo1dNwVtnqPTofrvUooHQHKqRhps',0,'201510171456370834','商品支付',1,0,1445064997,1445065597,0,'','',0,NULL,1445064998),(50,'oo1dNwWexQjCasMIlnRGT_OqB46I',0,'201510171500130934','商品支付',1,0,1445065213,1445065813,0,'','',0,NULL,1445065214),(51,'oo1dNwWexQjCasMIlnRGT_OqB46I',0,'201510171500130934','商品支付',1,0,1445065225,1445065825,0,'','',0,NULL,1445065225),(52,'oo1dNwWexQjCasMIlnRGT_OqB46I',0,'201510171502360100','商品支付',2,0,1445065357,1445065957,0,'','',0,NULL,1445065358),(53,'oo1dNwWexQjCasMIlnRGT_OqB46I',0,'201510171509310708','商品支付',1001,0,1445065773,1445066373,0,'','',0,NULL,1445065773),(54,'oo1dNweJzXSlND4DGCNalDx_wUJA',0,'201510171538250289','商品支付',1,1,1445067505,1445068105,1445067523,'1005960752201510171231707911','',0,NULL,1445067508),(55,'oo1dNweJzXSlND4DGCNalDx_wUJA',0,'201510171539500416','商品支付',1,1,1445067591,1445068191,1445067610,'1005960752201510171231719335','',0,NULL,1445067591),(56,'oo1dNweJzXSlND4DGCNalDx_wUJA',0,'201510171628060557','商品支付',100,0,1445070486,1445071086,0,'','',0,NULL,1445070487),(57,'oo1dNwVNG0u7o2z9QGS7fel40Fp8',0,'201510190952430675','商品支付',2800,0,1445219564,1445220164,0,'','',0,NULL,1445219565),(58,'oo1dNwVNG0u7o2z9QGS7fel40Fp8',0,'201510190954340800','商品支付',1,1,1445219675,1445220275,1445219733,'1001940752201510191250984521','',0,NULL,1445219675),(59,'oo1dNwVNG0u7o2z9QGS7fel40Fp8',0,'201510191013380422','商品支付',2,1,1445220818,1445221418,1445220837,'1001940752201510191251158161','',0,NULL,1445220819),(60,'oo1dNwVtnqPTofrvUooHQHKqRhps',0,'201510191105500667','商品支付',100,0,1445223951,1445224551,0,'','',0,NULL,1445223953),(61,'oo1dNwVNG0u7o2z9QGS7fel40Fp8',0,'201510191108430068','商品支付',1,0,1445224123,1445224723,0,'','',0,NULL,1445224124),(62,'oo1dNwVNG0u7o2z9QGS7fel40Fp8',0,'201510191110000156','商品支付',2,0,1445224201,1445224801,0,'','',0,NULL,1445224201),(63,'oo1dNwVNG0u7o2z9QGS7fel40Fp8',0,'201510191111130733','商品支付',1,0,1445224274,1445224874,0,'','',0,NULL,1445224274),(64,'oo1dNwVNG0u7o2z9QGS7fel40Fp8',0,'201510191206400883','商品支付',2,0,1445227601,1445228201,0,'','',0,NULL,1445227602),(65,'oo1dNwVNG0u7o2z9QGS7fel40Fp8',0,'201510191207180999','商品支付',1,1,1445227638,1445228238,1445227678,'1001940752201510191252773371','',0,NULL,1445227639),(66,'oo1dNwVNG0u7o2z9QGS7fel40Fp8',0,'201510191435480236','商品支付',1501,0,1445236549,1445237149,0,'','',0,NULL,1445236550),(67,'oo1dNwVNG0u7o2z9QGS7fel40Fp8',0,'201510191556350762','商品支付',1,1,1445241396,1445241996,1445241412,'1001940752201510191255505957','',0,NULL,1445241397),(68,'oo1dNwetTh2FNUv7rKoav16TW1SU',0,'201510191623100782','商品支付',1,0,1445242993,1445243593,0,'','',0,NULL,1445242993),(69,'oo1dNwVNG0u7o2z9QGS7fel40Fp8',0,'201510191644580241','商品支付',100,0,1445244299,1445244899,0,'','',0,NULL,1445244300),(70,'oo1dNwVNG0u7o2z9QGS7fel40Fp8',0,'201510191649270253','商品支付',11001,0,1445244568,1445245168,0,'','',0,NULL,1445244568),(71,'oo1dNwVNG0u7o2z9QGS7fel40Fp8',0,'201510191649550321','商品支付',3,0,1445244596,1445245196,0,'','',0,NULL,1445244596),(72,'oo1dNwVNG0u7o2z9QGS7fel40Fp8',0,'201510191651070199','商品支付',1,1,1445244668,1445245268,1445244728,'1001940752201510191256118623','',0,NULL,1445244669),(73,'oo1dNwVNG0u7o2z9QGS7fel40Fp8',0,'201510191654390522','商品支付',1,1,1445244880,1445245480,1445244909,'1001940752201510191256144683','',0,NULL,1445244880),(74,'oo1dNwVtnqPTofrvUooHQHKqRhps',0,'201510191657400126','商品支付',1,1,1445245061,1445245661,1445245074,'1008320752201510191256175541','',0,NULL,1445245061),(75,'oo1dNwVNG0u7o2z9QGS7fel40Fp8',0,'201510191746260003','商品支付',1,0,1445247986,1445248586,0,'','',0,NULL,1445247988),(76,'oo1dNwXnmV9syCS6Raip1v8Jr_ts',0,'201510191747350445','商品支付',100,0,1445248056,1445248656,0,'','',0,NULL,1445248056),(77,'oo1dNwXnmV9syCS6Raip1v8Jr_ts',0,'201510191748120691','商品支付',1000,0,1445248093,1445248693,0,'','',0,NULL,1445248093),(78,'oo1dNwXnmV9syCS6Raip1v8Jr_ts',0,'201510191749050004','商品支付',1,1,1445248146,1445248746,1445248163,'1007200752201510191256827109','',0,NULL,1445248146),(79,'oo1dNwVNG0u7o2z9QGS7fel40Fp8',0,'201510191749070565','商品支付',1000,0,1445248148,1445248748,0,'','',0,NULL,1445248148),(80,'oo1dNwVNG0u7o2z9QGS7fel40Fp8',0,'201510191749470501','商品支付',1000,0,1445248188,1445248788,0,'','',0,NULL,1445248189),(81,'oo1dNwVNG0u7o2z9QGS7fel40Fp8',0,'201510191750390175','商品支付',1000,0,1445248239,1445248839,0,'','',0,NULL,1445248240),(82,'oo1dNwYm2OLybn4LcofxIfwgejP0',0,'201510191759570763','商品支付',1110,0,1445248772,1445249372,0,'','',0,NULL,1445248773),(83,'oo1dNwVNG0u7o2z9QGS7fel40Fp8',0,'201510201032290751','商品支付',1001,0,1445308350,1445308950,0,'','',0,NULL,1445308352),(84,'oo1dNwWexQjCasMIlnRGT_OqB46I',68,'201510201149260752','商品支付',1011,0,1445400644,1445401244,0,'','21',0,NULL,1445400645),(85,'oo1dNwWexQjCasMIlnRGT_OqB46I',0,'201510201153350106','商品支付',1,1,1445313216,1445313816,1445313230,'1006880752201510201264028551','21',0,NULL,1445313216),(86,'oo1dNwVtnqPTofrvUooHQHKqRhps',0,'201510201153450847','商品支付',10,1,1445313226,1445313826,1445313240,'1008320752201510201264048846','21',0,NULL,1445313226),(87,'oo1dNwYm2OLybn4LcofxIfwgejP0',0,'201510201204420699','商品支付',300,0,1445313884,1445314484,0,'','21',0,NULL,1445313886),(88,'oo1dNwWexQjCasMIlnRGT_OqB46I',0,'201510201212490382','商品支付',1,1,1445314371,1445314971,1445314388,'1006880752201510201264368243','21',0,NULL,1445314371),(89,'oo1dNwVtnqPTofrvUooHQHKqRhps',0,'201510201221230583','商品支付',10,0,1445314894,1445315494,0,'','21',0,NULL,1445314895),(90,'oo1dNwVtnqPTofrvUooHQHKqRhps',0,'201510201222270654','商品支付',100,0,1445314958,1445315558,0,'','21',0,NULL,1445314958),(91,'oo1dNwVtnqPTofrvUooHQHKqRhps',0,'201510201229480529','商品支付',10,0,1445315399,1445315999,0,'','21',0,NULL,1445315399),(92,'oo1dNwVtnqPTofrvUooHQHKqRhps',0,'201510201230080805','商品支付',10,0,1445315418,1445316018,0,'','21',0,NULL,1445315419),(93,'oo1dNwVtnqPTofrvUooHQHKqRhps',77,'201510201230520848','商品支付',10,0,1445315477,1445316077,0,'','21',0,NULL,1445315479),(94,'oo1dNwVNG0u7o2z9QGS7fel40Fp8',0,'201510201426360390','商品支付',1,1,1445322397,1445322997,1445322411,'1001940752201510201266080329','21',0,NULL,1445322398),(95,'oo1dNwVNG0u7o2z9QGS7fel40Fp8',0,'201510201427280191','商品支付',1,1,1445322449,1445323049,1445322557,'1001940752201510201266104899','21',0,NULL,1445322449),(96,'oo1dNwVNG0u7o2z9QGS7fel40Fp8',0,'201510201432280094','商品支付',400,0,1445322749,1445323349,0,'','21',0,NULL,1445322750),(97,'oo1dNwVNG0u7o2z9QGS7fel40Fp8',0,'201510201436180679','商品支付',1,1,1445322979,1445323579,1445322991,'1001940752201510201266195628','21',0,NULL,1445322979),(98,'oo1dNwYm2OLybn4LcofxIfwgejP0',0,'201510201444170490','商品支付',3001,0,1445323458,1445324058,0,'','21',0,NULL,1445323459),(99,'oo1dNwWexQjCasMIlnRGT_OqB46I',0,'201510201445580398','商品支付',1,0,1445323559,1445324159,0,'','21',0,NULL,1445323559),(100,'oo1dNwVtnqPTofrvUooHQHKqRhps',0,'201510201454000887','商品支付',10,0,1445324041,1445324641,0,'','21',0,NULL,1445324042),(101,'oo1dNwVtnqPTofrvUooHQHKqRhps',86,'201510201456070223','商品支付',10,0,1445332196,1445332796,0,'','21',0,NULL,1445332197),(102,'oo1dNwVtnqPTofrvUooHQHKqRhps',87,'201510201459180303','商品支付',10,0,1445324359,1445324959,0,'','21',0,NULL,1445324360),(103,'oo1dNwVtnqPTofrvUooHQHKqRhps',0,'201510201521500904','商品支付',10,0,1445325711,1445326311,0,'','21',0,NULL,1445325713),(104,'oo1dNwVtnqPTofrvUooHQHKqRhps',89,'201510201525480452','商品支付',1,1,1445325949,1445326549,1445325974,'1008320752201510201266718035','21',0,NULL,1445325950),(105,'oo1dNwWexQjCasMIlnRGT_OqB46I',90,'201510201532020210','商品支付',1,1,1445326323,1445326923,1445326337,'1006880752201510201266770141','21',0,NULL,1445326323),(106,'oo1dNwWexQjCasMIlnRGT_OqB46I',91,'201510201537140166','商品支付',1,1,1445326635,1445327235,1445326641,'1006880752201510201266827888','21',0,NULL,1445326635),(107,'oo1dNwVtnqPTofrvUooHQHKqRhps',92,'201510201540570144','商品支付',1,1,1445326858,1445327458,1445326883,'1008320752201510201266872687','21',0,NULL,1445326858),(108,'oo1dNwWexQjCasMIlnRGT_OqB46I',93,'201510201545590254','商品支付',1,1,1445327160,1445327760,1445327167,'1006880752201510201266945478','21',0,NULL,1445327161),(109,'oo1dNwVNG0u7o2z9QGS7fel40Fp8',94,'201510201550130350','商品支付',1,1,1445327414,1445328014,1445327426,'1001940752201510201267010079','21',0,NULL,1445327415),(110,'oo1dNwWexQjCasMIlnRGT_OqB46I',95,'201510201552390509','商品支付',1,1,1445327560,1445328160,1445327566,'1006880752201510201267046815','21',0,NULL,1445327560),(111,'oo1dNwWexQjCasMIlnRGT_OqB46I',96,'201510201610430822','商品支付',1,1,1445328645,1445329245,1445328651,'1006880752201510201267226317','21',0,NULL,1445328645),(112,'oo1dNwVNG0u7o2z9QGS7fel40Fp8',97,'201510201612060040','商品支付',8,0,1445328727,1445329327,0,'','21',0,NULL,1445328730),(113,'oo1dNwWexQjCasMIlnRGT_OqB46I',98,'201510201612170820','商品支付',1,1,1445328738,1445329338,1445328745,'1006880752201510201267253048','21',1,NULL,1445328738),(114,'oo1dNwVNG0u7o2z9QGS7fel40Fp8',99,'201510201612280436','商品支付',1,0,1445328749,1445329349,0,'','21',0,NULL,1445328749),(115,'oo1dNwVNG0u7o2z9QGS7fel40Fp8',100,'201510201614160608','商品支付',1,1,1445328857,1445329457,1445328873,'1001940752201510201267263366','21',1,NULL,1445328857),(116,'oo1dNwVNG0u7o2z9QGS7fel40Fp8',101,'201510201816280463','商品支付',1,1,1445336189,1445336789,1445336202,'1001940752201510201268805693','21',1,NULL,1445336189),(117,'oo1dNwVNG0u7o2z9QGS7fel40Fp8',102,'201510211052190479','商品支付',12,1,1445395941,1445396541,1445395963,'1001940752201510211274820169','21',1,NULL,1445395942),(118,'oo1dNwWexQjCasMIlnRGT_OqB46I',103,'201510211707550041','商品支付',1100,0,1445418453,1445419053,0,'','21',0,NULL,1445418455),(119,'oo1dNwWexQjCasMIlnRGT_OqB46I',104,'201510211710090352','商品支付',1011,0,1445418650,1445419250,0,'','21',0,NULL,1445418651),(120,'oo1dNwWexQjCasMIlnRGT_OqB46I',105,'201510211713120264','商品支付',1011,0,1445418769,1445419369,0,'','21',0,NULL,1445418770),(121,'oo1dNwWexQjCasMIlnRGT_OqB46I',106,'201510211715350049','商品支付',2000,0,1445418912,1445419512,0,'','21',0,NULL,1445418912),(122,'oo1dNwWexQjCasMIlnRGT_OqB46I',107,'201510211754180821','商品支付',1000,0,1445421236,1445421836,0,'','21',0,NULL,1445421238),(123,'oo1dNwVNG0u7o2z9QGS7fel40Fp8',108,'201510211827240232','商品支付',1,1,1445423245,1445423845,1445423260,'1001940752201510211280633063','21',1,NULL,1445423247),(124,'oo1dNwWexQjCasMIlnRGT_OqB46I',109,'201510220957410944','商品支付',2011,0,1445479040,1445479640,0,'','21',0,NULL,1445479041),(125,'oo1dNwWexQjCasMIlnRGT_OqB46I',110,'201510220958380977','商品支付',1000,0,1445479095,1445479695,0,'','21',0,NULL,1445479095),(126,'oo1dNwWexQjCasMIlnRGT_OqB46I',111,'201510221002130732','商品支付',100,0,1445479310,1445479910,0,'','21',0,NULL,1445479311),(127,'oo1dNwVNG0u7o2z9QGS7fel40Fp8',112,'201510231010150923','商品支付',1,1,1445566216,1445566816,1445566255,'1001940752201510231298454756','21',1,NULL,1445566218),(128,'oo1dNwVNG0u7o2z9QGS7fel40Fp8',113,'201510231023460907','商品支付',1,1,1445567027,1445567627,1445567040,'1001940752201510231298615082','21',1,NULL,1445567028),(129,'oo1dNwVNG0u7o2z9QGS7fel40Fp8',114,'201510231051390566','商品支付',1,0,1445568700,1445569300,0,'','21',0,NULL,1445568702),(130,'oo1dNwVNG0u7o2z9QGS7fel40Fp8',115,'201510231052480750','商品支付',1,0,1446173116,1446173716,0,'','21',0,NULL,1446173117),(131,'oo1dNwTwj9B6NY6tXuzl4ldneZHg',124,'201510281513160941','商品支付',211,0,1446016396,1446016996,0,'','21',0,NULL,1446016398),(132,'oo1dNwTwj9B6NY6tXuzl4ldneZHg',125,'201510281519440711','商品支付',300,0,1446016786,1446017386,0,'','21',0,NULL,1446016786),(133,'oo1dNwVNG0u7o2z9QGS7fel40Fp8',126,'201510281537590360','商品支付',8,1,1446017880,1446018480,1446017899,'1001940752201510281364958510','21',0,NULL,1446017880),(134,'oo1dNwTwj9B6NY6tXuzl4ldneZHg',127,'201510281538070977','商品支付',103,0,1446017888,1446018488,0,'','21',0,NULL,1446017889),(135,'oo1dNwVNG0u7o2z9QGS7fel40Fp8',128,'201510281541110463','商品支付',1,1,1446018072,1446018672,1446018081,'1001940752201510281364990945','21',0,NULL,1446018072),(136,'oo1dNwVtnqPTofrvUooHQHKqRhps',129,'201510281547040139','商品支付',1,1,1446018425,1446019025,1446018437,'1008320752201510281365070708','21',0,NULL,1446018425),(137,'oo1dNwTwj9B6NY6tXuzl4ldneZHg',130,'201510281602220601','商品支付',19,0,1446019343,1446019943,0,'','21',0,NULL,1446019343),(138,'oo1dNwVNG0u7o2z9QGS7fel40Fp8',131,'201510281603160691','商品支付',1,0,1446019396,1446019996,0,'','21',0,NULL,1446019397),(139,'oo1dNwVNG0u7o2z9QGS7fel40Fp8',132,'201510281604280650','商品支付',6,1,1446019469,1446020069,1446019481,'1001940752201510281365276064','21',0,NULL,1446019469),(140,'oo1dNwVtnqPTofrvUooHQHKqRhps',133,'201510281617180024','商品支付',1,1,1446020238,1446020838,1446020246,'1008320752201510281365406158','21',1,NULL,1446020239),(141,'oo1dNwVtnqPTofrvUooHQHKqRhps',134,'201510281620500272','商品支付',1,1,1446020451,1446021051,1446020461,'1008320752201510281365452331','21',1,NULL,1446020452),(142,'oo1dNwVtnqPTofrvUooHQHKqRhps',135,'201510281624540675','商品支付',1,1,1446020695,1446021295,1446020704,'1008320752201510281365513487','21',1,NULL,1446020695),(143,'oo1dNwXnmV9syCS6Raip1v8Jr_ts',136,'201510281636490604','商品支付',1,1,1446021410,1446022010,1446021434,'1007200752201510281365659237','22',1,NULL,1446021411),(144,'oo1dNwVNG0u7o2z9QGS7fel40Fp8',137,'201510281637230142','商品支付',1,0,1446173125,1446173725,0,'','22',0,NULL,1446173126),(145,'oo1dNwVNG0u7o2z9QGS7fel40Fp8',138,'201510281658130282','商品支付',3,1,1446022694,1446023294,1446022708,'1001940752201510281365936818','22',1,NULL,1446022695),(146,'oo1dNwXnmV9syCS6Raip1v8Jr_ts',140,'201510281701260685','商品支付',1,0,1446022886,1446023486,0,'','22',0,NULL,1446022887),(147,'oo1dNwWexQjCasMIlnRGT_OqB46I',142,'201510281703330175','商品支付',1,1,1446023014,1446023614,1446023026,'1006880752201510281365997252','21',1,NULL,1446023015),(148,'oo1dNwVNG0u7o2z9QGS7fel40Fp8',147,'201510281710280999','商品支付',12,0,1446173107,1446173707,0,'','22',0,NULL,1446173107),(149,'oo1dNwTwj9B6NY6tXuzl4ldneZHg',150,'201510281714370737','商品支付',16308,0,1446023678,1446024278,0,'','21',0,NULL,1446023679),(150,'oo1dNwWexQjCasMIlnRGT_OqB46I',153,'201510281728440301','商品支付',1,1,1446024526,1446025126,1446024537,'1006880752201510281366343451','21',1,NULL,1446024527),(151,'oo1dNwTwj9B6NY6tXuzl4ldneZHg',154,'201510281743370155','商品支付',403,0,1446025418,1446026018,0,'','21',0,NULL,1446025418),(152,'oo1dNwWexQjCasMIlnRGT_OqB46I',155,'201510281750560375','商品支付',1,1,1446025857,1446026457,1446025864,'1006880752201510281366626988','21',1,NULL,1446025858),(153,'oo1dNwVNG0u7o2z9QGS7fel40Fp8',161,'201510281754330640','商品支付',2,1,1446026074,1446026674,1446026085,'1001940752201510281366699057','22',1,NULL,1446026075),(154,'oo1dNwXnmV9syCS6Raip1v8Jr_ts',162,'201510281756260040','商品支付',1,1,1446026186,1446026786,1446026200,'1007200752201510281366707173','22',1,NULL,1446026187),(155,'oo1dNwWexQjCasMIlnRGT_OqB46I',174,'201510301036320529','商品支付',101,0,1446174204,1446174804,0,'','21',0,NULL,1446174205),(156,'oo1dNwWexQjCasMIlnRGT_OqB46I',122,'201510261109160066','商品支付',400,0,1446172845,1446173445,0,'','21',0,NULL,1446172846),(157,'oo1dNwWexQjCasMIlnRGT_OqB46I',119,'201510231757140440','商品支付',220,0,1446172851,1446173451,0,'','21',0,NULL,1446172851),(158,'oo1dNwWexQjCasMIlnRGT_OqB46I',118,'201510231759010161','商品支付',2011,0,1446172855,1446173455,0,'','21',0,NULL,1446172856),(159,'oo1dNwWexQjCasMIlnRGT_OqB46I',175,'201510301109060847','商品支付',13700,0,1446174819,1446175419,0,'','21',0,NULL,1446174819),(160,'oo1dNwWexQjCasMIlnRGT_OqB46I',176,'201510301122510871','商品支付',15100,0,1446454123,1446454723,0,'','21',0,NULL,1446454124),(161,'oo1dNwTwj9B6NY6tXuzl4ldneZHg',177,'201511021556580060','商品支付',80015,0,1446451019,1446451619,0,'','21',0,NULL,1446451020),(162,'oo1dNwWexQjCasMIlnRGT_OqB46I',178,'201511021605460029','商品支付',101,0,1446454118,1446454718,0,'','21',0,NULL,1446454119),(163,'oo1dNwVNG0u7o2z9QGS7fel40Fp8',179,'201511021606340885','商品支付',2,1,1446451595,1446452195,1446451622,'1001940752201511021427857377','21',1,NULL,1446451596),(164,'oo1dNwYWxhndW2fNbkDIjymhzOu4',180,'201511021618540652','商品支付',13605,0,1446452335,1446452935,0,'','21',0,NULL,1446452335),(165,'oo1dNwVNG0u7o2z9QGS7fel40Fp8',181,'201511021619300878','商品支付',1,1,1446452372,1446452972,1446452381,'1001940752201511021428014252','21',1,NULL,1446452372),(166,'oo1dNwWexQjCasMIlnRGT_OqB46I',182,'201511021647510119','商品支付',100,0,1446454072,1446454672,0,'','21',0,NULL,1446454073),(167,'oo1dNwVNG0u7o2z9QGS7fel40Fp8',183,'201511030930590297','商品支付',1,1,1446514260,1446514860,1446514291,'1001940752201511031434794944','21',1,NULL,1446514262),(168,'oo1dNwVNG0u7o2z9QGS7fel40Fp8',184,'201511030947140255','商品支付',1,1,1446515235,1446515835,1446515246,'1001940752201511031434960801','21',1,NULL,1446515235),(169,'oo1dNwVNG0u7o2z9QGS7fel40Fp8',185,'201511030952440113','商品支付',1,1,1446515565,1446516165,1446515574,'1001940752201511031434984963','21',1,'185无效订单',1446515565),(170,'oo1dNwVNG0u7o2z9QGS7fel40Fp8',186,'201511031046420204','商品支付',1,0,1446518802,1446519402,0,'','21',0,NULL,1446518804),(171,'oo1dNwXnmV9syCS6Raip1v8Jr_ts',187,'201511031047120397','商品支付',1,0,1446518833,1446519433,0,'','21',0,NULL,1446518833),(172,'oo1dNwW3S4XhXu0sGvS7q7bm4W0I',188,'201511031049460097','商品支付',5,0,1446518987,1446519587,0,'','21',0,NULL,1446518987),(173,'oo1dNwUSkA_goY3u_sbnOFa-pOPE',189,'201511031050090032','商品支付',1,1,1446519039,1446519639,1446519051,'1009930752201511031435737803','21',1,NULL,1446519039),(174,'oo1dNwdD1gaX5EoR8CenoktBbjB4',190,'201511031050450574','商品支付',1,1,1446519045,1446519645,1446519059,'1007720752201511031435713579','21',1,NULL,1446519046),(175,'oo1dNwTvWcne2OBeuwzaG8uWDruQ',191,'201511031050470203','商品支付',1,0,1446519048,1446519648,0,'','21',0,NULL,1446519048),(176,'oo1dNwWexQjCasMIlnRGT_OqB46I',192,'201511031050530044','商品支付',13700,0,1446519054,1446519654,0,'','21',0,NULL,1446519054),(177,'oo1dNwW3S4XhXu0sGvS7q7bm4W0I',193,'201511031051120135','商品支付',1,1,1446519073,1446519673,1446519081,'1006240752201511031435737846','21',1,NULL,1446519074),(178,'oo1dNwYCyuQQu_it3Pk5CVcYsLVE',194,'201511031051450731','商品支付',1,1,1446519106,1446519706,1446519133,'1002380752201511031435735954','21',1,NULL,1446519106),(179,'oo1dNwetTh2FNUv7rKoav16TW1SU',195,'201511031429470543','商品支付',1,1,1446532188,1446532788,1446532199,'1000250752201511031438940201','21',1,'195无效订单',1446532190),(180,'oo1dNwVNG0u7o2z9QGS7fel40Fp8',196,'201511031430450575','商品支付',1,1,1446532246,1446532846,1446532280,'1001940752201511031438941505','21',1,NULL,1446532247),(181,'oo1dNwVNG0u7o2z9QGS7fel40Fp8',197,'201511031432001000','商品支付',1,1,1446532321,1446532921,1446532330,'1001940752201511031438945139','21',1,NULL,1446532321),(182,'oo1dNwetTh2FNUv7rKoav16TW1SU',198,'201511031432360393','商品支付',1,1,1446532357,1446532957,1446532364,'1000250752201511031438970418','21',1,NULL,1446532357),(183,'oo1dNwVNG0u7o2z9QGS7fel40Fp8',199,'201511031436470337','商品支付',1,1,1446532608,1446533208,1446532617,'1001940752201511031439007465','21',1,NULL,1446532608),(184,'oo1dNwetTh2FNUv7rKoav16TW1SU',200,'201511031437510191','商品支付',1,1,1446532672,1446533272,1446532677,'1000250752201511031439017845','21',1,NULL,1446532672),(185,'oo1dNwetTh2FNUv7rKoav16TW1SU',201,'201511031509340165','商品支付',1,0,1446534575,1446535175,0,'','21',0,NULL,1446534576),(186,'oo1dNwetTh2FNUv7rKoav16TW1SU',202,'201511031733000610','商品支付',1,0,1446543181,1446543781,0,'','21',0,NULL,1446543182),(187,'oo1dNwYCyuQQu_it3Pk5CVcYsLVE',203,'201511041632430331','商品支付',6,0,1446625964,1446626564,0,'','21',0,NULL,1446625966),(188,'oo1dNwYCyuQQu_it3Pk5CVcYsLVE',204,'201511041737330179','商品支付',202,0,1446629854,1446630454,0,'','21',0,NULL,1446629856),(189,'oo1dNwYCyuQQu_it3Pk5CVcYsLVE',205,'201511041739420638','商品支付',1,0,1446629983,1446630583,0,'','21',0,NULL,1446629984),(190,'oo1dNwYCyuQQu_it3Pk5CVcYsLVE',206,'201511051122350831','商品支付',1,1,1446693756,1446694356,1446693929,'1002380752201511051461752372','21',1,NULL,1446693758),(191,'oo1dNwYCyuQQu_it3Pk5CVcYsLVE',207,'201511051323480831','商品支付',101,0,1446701029,1446701629,0,'','21',0,NULL,1446701030),(192,'oo1dNwYCyuQQu_it3Pk5CVcYsLVE',208,'201511101024200875','商品支付',1,0,1447122261,1447122861,0,'','21',0,NULL,1447122263),(193,'oo1dNwetTh2FNUv7rKoav16TW1SU',209,'201511131810410930','商品支付',1,1,1447409442,1447410042,1447409528,'1000250752201511131587544468','21',1,NULL,1447409444),(194,'oo1dNwVNG0u7o2z9QGS7fel40Fp8',210,'201511131814470618','商品支付',1,1,1447409687,1447410287,1447409699,'1001940752201511131587577198','21',1,NULL,1447409688),(195,'oo1dNwVNG0u7o2z9QGS7fel40Fp8',211,'201511131817010697','商品支付',1,1,1447409822,1447410422,1447409832,'1001940752201511131587627904','21',1,NULL,1447409823),(196,'oo1dNwWexQjCasMIlnRGT_OqB46I',212,'201511131831010072','商品支付',1,1,1447410662,1447411262,1447410672,'1006880752201511131587888550','21',1,NULL,1447410663),(197,'oo1dNwWexQjCasMIlnRGT_OqB46I',213,'201511161009200705','商品支付',1,1,1447639761,1447640361,1447639772,'1006880752201511161622729572','21',1,NULL,1447639763),(198,'oo1dNwWexQjCasMIlnRGT_OqB46I',214,'201511161031060014','商品支付',1,0,1447641623,1447642223,0,'','21',0,NULL,1447641625),(199,'oo1dNwWexQjCasMIlnRGT_OqB46I',215,'201511161031430776','商品支付',1,0,1447641104,1447641704,0,'','21',0,NULL,1447641105),(200,'oo1dNwWexQjCasMIlnRGT_OqB46I',216,'201511161032280957','商品支付',102,0,1447641149,1447641749,0,'','21',0,NULL,1447641150),(201,'oo1dNwWexQjCasMIlnRGT_OqB46I',217,'201511161102380514','商品支付',13600,0,1447642959,1447643559,0,'','21',0,NULL,1447642960),(202,'oo1dNwWexQjCasMIlnRGT_OqB46I',218,'201511161128580665','商品支付',1,0,1447644539,1447645139,0,'','21',0,NULL,1447644540),(203,'oo1dNwWexQjCasMIlnRGT_OqB46I',219,'201511161133580873','商品支付',100,0,1447644839,1447645439,0,'','21',0,NULL,1447644840),(204,'oo1dNwWexQjCasMIlnRGT_OqB46I',220,'201511161213200139','商品支付',800,0,1447647201,1447647801,0,'','21',0,NULL,1447647202),(205,'oo1dNwZi9iEZWq2hFNXerfVGqckQ',221,'201511192022140229','商品支付',2200,0,1447935746,1447936346,0,'','24',0,NULL,1447935747),(206,'oo1dNweHJba-j5MYSbIZ3tWGjmRI',222,'201511192023290991','商品支付',1200,0,1447935810,1447936410,0,'','24',0,NULL,1447935811),(207,'oo1dNwZi9iEZWq2hFNXerfVGqckQ',223,'201511192026230109','商品支付',1,1,1447935984,1447936584,1447936003,'1006100752201511191674595770','24',1,NULL,1447935985),(208,'oo1dNwZi9iEZWq2hFNXerfVGqckQ',224,'201511192027590991','商品支付',1,1,1447936080,1447936680,1447936088,'1006100752201511191674622938','24',1,NULL,1447936081);

/*Table structure for table `w_wx_qrcode` */

DROP TABLE IF EXISTS `w_wx_qrcode`;

CREATE TABLE `w_wx_qrcode` (
  `id` int(11) NOT NULL AUTO_INCREMENT,
  `ticket` varchar(250) NOT NULL,
  `type` smallint(1) NOT NULL DEFAULT '1' COMMENT '临时或永久',
  `expire` int(11) DEFAULT '0' COMMENT '过期时间',
  `url` varchar(250) DEFAULT NULL COMMENT '二维码地址',
  `shop_id` int(11) DEFAULT '0' COMMENT '店铺id',
  `groups` varchar(20) DEFAULT NULL COMMENT '分组类型',
  `status` smallint(1) DEFAULT NULL,
  `created_at` int(11) NOT NULL,
  PRIMARY KEY (`id`)
) ENGINE=InnoDB AUTO_INCREMENT=94 DEFAULT CHARSET=utf8;

/*Data for the table `w_wx_qrcode` */

insert  into `w_wx_qrcode`(`id`,`ticket`,`type`,`expire`,`url`,`shop_id`,`groups`,`status`,`created_at`) values (5,'gQH38DoAAAAAAAAAASxodHRwOi8vd2VpeGluLnFxLmNvbS9xL1dqcVlyREhsbGNyc1pvRzU1QlJuAAIEu4UYVgMEgDoJAA==',1,604800,'/Public/Wx/Qrcode/20151010/e915fcb9121b519bbf1b2ab421aa5cda.jpg',0,'table',1,1444447651),(11,'gQE58DoAAAAAAAAAASxodHRwOi8vd2VpeGluLnFxLmNvbS9xL3REcTU4c1hsdGNyTUltLW14UlJuAAIET48gVgMEgDoJAA==',1,604800,'/Public/Wx/Qrcode/20151016/84559f55dad6283f42240ce3466fd224.jpg',20,'table',1,1444974414),(12,'gQGF8DoAAAAAAAAAASxodHRwOi8vd2VpeGluLnFxLmNvbS9xL2hEcUZENGZsaE1yOXJWOFdfUlJuAAIEa48gVgMEgDoJAA==',1,604800,'/Public/Wx/Qrcode/20151016/06dc311e9378ceaa6b3bf268b65c0699.jpg',20,'table',1,1444974442),(13,'gQGk8DoAAAAAAAAAASxodHRwOi8vd2VpeGluLnFxLmNvbS9xLzV6clM2VFhsMGNxb21qenlyaFJuAAIEiI8gVgMEgDoJAA==',1,604800,'/Public/Wx/Qrcode/20151016/ceba5385fc4b8b4c4c6af3608b9d63ba.jpg',20,'table',1,1444974464),(14,'gQFN8ToAAAAAAAAAASxodHRwOi8vd2VpeGluLnFxLmNvbS9xL1RUcUZTYjdsazhycUc1WkhfUlJuAAIErI8gVgMEgDoJAA==',1,604800,'/Public/Wx/Qrcode/20151016/a40b496199a3f4935b696ddd7866b98d.jpg',20,'table',1,1444974507),(15,'gQF38DoAAAAAAAAAASxodHRwOi8vd2VpeGluLnFxLmNvbS9xLzVUcUJ3VGJsaThyeXN6N1QtUlJuAAIENZAgVgMEgDoJAA==',1,604800,'/Public/Wx/Qrcode/20151016/922a0a5f9d9d72eafcf580c08715e613.jpg',20,'table',1,1444974645),(16,'gQGe8DoAAAAAAAAAASxodHRwOi8vd2VpeGluLnFxLmNvbS9xL2tUcWMxZzNscHNyZjYwcjA0QlJuAAIEYpEgVgMEgDoJAA==',1,604800,'/Public/Wx/Qrcode/20151016/517d776b4495b229fbcf4a01872ea3c7.jpg',20,'table',1,1444974946),(17,'gQFD8DoAAAAAAAAAASxodHRwOi8vd2VpeGluLnFxLmNvbS9xL3hUcnRialBsMU1xdE9SNVBrUlJuAAIELqMgVgMEgDoJAA==',1,604800,'/Public/Wx/Qrcode/20151016/7d0a850480e068893dfa855a347d4ca0.jpg',20,'table',1,1444979490),(18,'gQFh7zoAAAAAAAAAASxodHRwOi8vd2VpeGluLnFxLmNvbS9xL1l6cXF2Vm5sa2Nyb0pyaWUxaFJuAAIEY6MgVgMEgDoJAA==',1,604800,'/Public/Wx/Qrcode/20151016/bc7bd09f0078c65bb5ca51e1c148ff38.jpg',21,'table',1,1444979555),(19,'gQFn8DoAAAAAAAAAASxodHRwOi8vd2VpeGluLnFxLmNvbS9xL2l6cW9KWXpsdmNyRWcxQW8xQlJuAAIE86MgVgMEgDoJAA==',1,604800,'/Public/Wx/Qrcode/20151016/326e9782d8874f5fabe04daf4fa1f7fa.jpg',21,'table',1,1444979698),(20,'gQF48DoAAAAAAAAAASxodHRwOi8vd2VpeGluLnFxLmNvbS9xL1NUcl9qQUxsOHNxTFpwS1lnaFJuAAIE_aMgVgMEgDoJAA==',1,604800,'/Public/Wx/Qrcode/20151016/5605667865e1016e7d32b90a0bd8fbc0.jpg',21,'table',1,1444979704),(21,'gQGU8DoAAAAAAAAAASxodHRwOi8vd2VpeGluLnFxLmNvbS9xL3dEclVtSVhsMThxdWZCdURxQlJuAAIE8LEgVgMEgDoJAA==',1,604800,'/Public/Wx/Qrcode/20151016/e7a8968dfb7476b2c81891ebe9a31721.jpg',1,'table',1,1444983276),(22,'gQHB7zoAAAAAAAAAASxodHRwOi8vd2VpeGluLnFxLmNvbS9xLy1qcXpFanpsb2NyWWNTVVl6eFJuAAIEF7IgVgMEgDoJAA==',1,604800,'/Public/Wx/Qrcode/20151016/1c6eeed922909225023ec132aec485ab.jpg',20,'table',1,1444983318),(23,'gQGF8DoAAAAAAAAAASxodHRwOi8vd2VpeGluLnFxLmNvbS9xL09EcjFkT2psN2NxVUJlTjBpUlJuAAIEXrIgVgMEgDoJAA==',1,604800,'/Public/Wx/Qrcode/20151016/9f25b3906d9689bd56ba29f02d349e83.jpg',1,'table',1,1444983387),(24,'gQFI8ToAAAAAAAAAASxodHRwOi8vd2VpeGluLnFxLmNvbS9xL0xUcjlzZjNsNjhxU3dQYS1nUlJuAAIEl7IgVgMEgDoJAA==',1,604800,'/Public/Wx/Qrcode/20151016/04de88388cf1148607e4fb80bb2d3d9e.jpg',20,'table',1,1444983446),(25,'gQEa8DoAAAAAAAAAASxodHRwOi8vd2VpeGluLnFxLmNvbS9xL3JUcXBVbTdscHNyZk1IWkYxUlJuAAIESLMgVgMEgDoJAA==',1,604800,'/Public/Wx/Qrcode/20151016/3576204e2a987af8f7b50ef64cb7175e.jpg',21,'table',1,1444983623),(26,'gQEz8DoAAAAAAAAAASxodHRwOi8vd2VpeGluLnFxLmNvbS9xL29EcUl0SDNsdThyQ3lIdWY5QlJuAAIEbbMgVgMEgDoJAA==',1,604800,'/Public/Wx/Qrcode/20151016/884c6e50bf7e5a229bde89b3604b0244.jpg',20,'table',1,1444983660),(27,'gQEj8ToAAAAAAAAAASxodHRwOi8vd2VpeGluLnFxLmNvbS9xL05EclpYbWJsNThxZXJlOTRwUlJuAAIEhLMgVgMEgDoJAA==',1,604800,'/Public/Wx/Qrcode/20151016/9dfd06e2e8b7e4bead63c42cd634a7df.jpg',20,'table',1,1444983683),(28,'gQGs8DoAAAAAAAAAASxodHRwOi8vd2VpeGluLnFxLmNvbS9xL01UcWdud3Zsb2NyWUJPcUczQlJuAAIEmrMgVgMEgDoJAA==',1,604800,'/Public/Wx/Qrcode/20151016/08bc62d6fb5c3d585176f00e5a7aae7e.jpg',21,'table',1,1444983705),(29,'gQEf8DoAAAAAAAAAASxodHRwOi8vd2VpeGluLnFxLmNvbS9xL0hqcmQ5aVRsMmNxZ2JjWHFvUlJuAAIE0/shVgMEgDoJAA==',1,604800,'/Public/Wx/Qrcode/20151017/090900f7dc21ad94387d1f4232edde5d.jpg',21,'table',1,1445067723),(30,'gQE17zoAAAAAAAAAASxodHRwOi8vd2VpeGluLnFxLmNvbS9xL1REcTZUelRsdXNyRGxwZFh4aFJuAAIEdAYiVgMEgDoJAA==',1,604800,'/Public/Wx/Qrcode/20151017/e77333d34195b499d6436a9fb3985d37.jpg',21,'table',1,1445070451),(31,'gQHL7zoAAAAAAAAAASxodHRwOi8vd2VpeGluLnFxLmNvbS9xL0hUcWhnVVRsbzhyYWVjYWIzUlJuAAIEzHIwVgMEgDoJAA==',1,604800,'/Public/Wx/Qrcode/20151028/56608623f27cf385c5d38bd17778c026.jpg',21,'table',1,1446015691),(32,'gQFp7zoAAAAAAAAAASxodHRwOi8vd2VpeGluLnFxLmNvbS9xL1N6ckdfX1hsejhxMjlKRHF1aFJuAAIENHUwVgMEgDoJAA==',1,604800,'/Public/Wx/Qrcode/20151028/e51e65263d02c5bb8d5e5016eb032804.jpg',21,'table',1,1446016307),(33,'gQHc7zoAAAAAAAAAASxodHRwOi8vd2VpeGluLnFxLmNvbS9xL21EckJ3UlRseHNxLTdFUGV2UlJuAAIEwHgwVgMEgDoJAA==',1,604800,'/Public/Wx/Qrcode/20151028/4472f2d48b25c5cc081f9cbb38cf3376.jpg',22,'table',1,1446017216),(34,'gQFJ7zoAAAAAAAAAASxodHRwOi8vd2VpeGluLnFxLmNvbS9xL1FqcTN4VGpsc01ySkhwbmF5eFJuAAIEKhQ4VgMEgDoJAA==',1,604800,'/Public/Wx/Qrcode/20151103/f82ee3fce3ef5b19072ccb74ca897220.jpg',21,'table',1,1446515754),(35,'gQEy8DoAAAAAAAAAASxodHRwOi8vd2VpeGluLnFxLmNvbS9xL1R6ck9ZcTNsMk1xaElaUnNzaFJuAAIElSI4VgMEgDoJAA==',1,604800,'/Public/Wx/Qrcode/20151103/aa5ffc3e92eb6ce68fec10bd89799685.jpg',21,'table',1,1446519444),(36,'gQHP7zoAAAAAAAAAASxodHRwOi8vd2VpeGluLnFxLmNvbS9xLzlUcTB6NTdsdGNyTUJTN1d5QlJuAAIEXVw4VgMEgDoJAA==',1,604800,'/Public/Wx/Qrcode/20151103/8d336250189ea477ebf4a9a9449ab256.jpg',23,'table',1,1446534236),(37,'gQFK8DoAAAAAAAAAASxodHRwOi8vd2VpeGluLnFxLmNvbS9xL0NEcUE3bEhsbGNyc0Z0UGotQlJuAAIEomBBVgMEgDoJAA==',1,604800,'/Public/Wx/Qrcode/20151110/502261c54eafc21702fffa7e2d0034bb.jpg',21,'table',1,1447125153),(38,'gQF98DoAAAAAAAAAASxodHRwOi8vd2VpeGluLnFxLmNvbS9xL2VqcWVSSlRsbjhybUM2RmQ0aFJuAAIE97ZFVgMEgDoJAA==',1,604800,'/Public/Wx/Qrcode/20151113/769fa3cf4e33e9e4819cb645c74deded.jpg',21,'table',1,1447409398),(39,'gQF38DoAAAAAAAAAASxodHRwOi8vd2VpeGluLnFxLmNvbS9xL3l6cWw1Y2psdjhyR1JSTG4yUlpuAAIEkJRNVgMEAAAAAA==',2,604800,'/Public/Wx/Qrcode/20151119/e455dda60cd12e06a395c378adba64cf.jpg',24,'table',1,1447924880),(40,'gQF88DoAAAAAAAAAASxodHRwOi8vd2VpeGluLnFxLmNvbS9xL3BEcmIzdWZsNDhxYVBuM19weFpuAAIEmpRNVgMEAAAAAA==',2,604800,'/Public/Wx/Qrcode/20151119/3d90f2aa3981a3f97911660f9131f357.jpg',24,'table',1,1447924890),(41,'gQFN8DoAAAAAAAAAASxodHRwOi8vd2VpeGluLnFxLmNvbS9xLzJqclRfUFRsMmNxZ2RRUHFyeFpuAAIEo5RNVgMEAAAAAA==',2,604800,'/Public/Wx/Qrcode/20151119/e2f919b6316d8992370b386799774329.jpg',24,'table',1,1447924898),(42,'gQE_8DoAAAAAAAAAASxodHRwOi8vd2VpeGluLnFxLmNvbS9xLzBqckt3YUxsd01xNUVndlR0aFpuAAIErZRNVgMEAAAAAA==',2,604800,'/Public/Wx/Qrcode/20151119/f26e56a2349f3be851800ded548f9745.jpg',24,'table',1,1447924908),(43,'gQFf8DoAAAAAAAAAASxodHRwOi8vd2VpeGluLnFxLmNvbS9xL3pEcnRHZnJsN01xVmpCVUFrUlpuAAIEtpRNVgMEAAAAAA==',2,604800,'/Public/Wx/Qrcode/20151119/56be2d570b97d19b19bcdedece667813.jpg',24,'table',1,1447924917),(44,'gQGV8DoAAAAAAAAAASxodHRwOi8vd2VpeGluLnFxLmNvbS9xL3REcjVmYUhsd01xNXkyMWNoUlpuAAIEvJRNVgMEAAAAAA==',2,604800,'/Public/Wx/Qrcode/20151119/11c915d6fd1c5afbb5dbb333deac1ff2.jpg',24,'table',1,1447924924),(45,'gQFU8DoAAAAAAAAAASxodHRwOi8vd2VpeGluLnFxLmNvbS9xLzF6cnI3YnJsMDhxcUl3N05seFpuAAIEwZRNVgMEAAAAAA==',2,604800,'/Public/Wx/Qrcode/20151119/63213e70c74536c9de2e2c15ba70f895.jpg',24,'table',1,1447924929),(46,'gQGC8DoAAAAAAAAAASxodHRwOi8vd2VpeGluLnFxLmNvbS9xLzR6cllfYzNsNDhxYWREcmFwQlpuAAIEx5RNVgMEAAAAAA==',2,604800,'/Public/Wx/Qrcode/20151119/a8f1dae561dc7b4cef488fcbcc4bc5c4.jpg',24,'table',1,1447924934),(47,'gQGw8DoAAAAAAAAAASxodHRwOi8vd2VpeGluLnFxLmNvbS9xL0pUci0wamJsOE1xSll2ekZneFpuAAIEipVNVgMEAAAAAA==',2,604800,'/Public/Wx/Qrcode/20151119/a7420e48b4ffb7fd2ef1d121306bb818.jpg',24,'table',1,1447925129),(48,'gQFs8DoAAAAAAAAAASxodHRwOi8vd2VpeGluLnFxLmNvbS9xL3JUcVVNeGZsbjhybUtuUWc2QlpuAAIEkJVNVgMEAAAAAA==',2,604800,'/Public/Wx/Qrcode/20151119/1e501a79482a8cfbdb8632f669e0d281.jpg',24,'table',1,1447925135),(49,'gQHf8DoAAAAAAAAAASxodHRwOi8vd2VpeGluLnFxLmNvbS9xLzB6cjNzUjNsODhxSzNBcXRpeFpuAAIElZVNVgMEAAAAAA==',2,604800,'/Public/Wx/Qrcode/20151119/8bba82fb8abe1478c007ece936dc8a72.jpg',24,'table',1,1447925140),(50,'gQH38DoAAAAAAAAAASxodHRwOi8vd2VpeGluLnFxLmNvbS9xL1ZEcXRISWJscThyU2JZMEMwUlpuAAIEmpVNVgMEAAAAAA==',2,604800,'/Public/Wx/Qrcode/20151119/52cada2b46a0ff5b7e3f9f4a95d7b87f.jpg',24,'table',1,1447925145),(51,'gQHn8DoAAAAAAAAAASxodHRwOi8vd2VpeGluLnFxLmNvbS9xL2RqcklRZi1sOE1xSmE2OWh0QlpuAAIEn5VNVgMEAAAAAA==',2,604800,'/Public/Wx/Qrcode/20151119/cc649fbeab22a4aae01b348fe7bfdc79.jpg',24,'table',1,1447925151),(52,'gQEO8DoAAAAAAAAAASxodHRwOi8vd2VpeGluLnFxLmNvbS9xL0hqcmJobDNsMGNxb1pzZVVweFpuAAIEpJVNVgMEAAAAAA==',2,604800,'/Public/Wx/Qrcode/20151119/d64f52da640c072a48485f28f25e1d4a.jpg',24,'table',1,1447925156),(53,'gQFN8DoAAAAAAAAAASxodHRwOi8vd2VpeGluLnFxLmNvbS9xL296cXBLQTNsa3NyckpYb0wxUlpuAAIEqZVNVgMEAAAAAA==',2,604800,'/Public/Wx/Qrcode/20151119/01ca9233ed751938d3316382da9fdbf7.jpg',24,'table',1,1447925160),(54,'gQEf8DoAAAAAAAAAASxodHRwOi8vd2VpeGluLnFxLmNvbS9xLzdqcXlvUVBsdE1yTjd6ZS16aFpuAAIEwZVNVgMEAAAAAA==',2,604800,'/Public/Wx/Qrcode/20151119/36af7cf32fa5cace29bc6c81d922e481.jpg',24,'table',1,1447925184),(55,'gQG58DoAAAAAAAAAASxodHRwOi8vd2VpeGluLnFxLmNvbS9xL0dqckVEU1BsMk1xaGw4TUp1QlpuAAIEz5VNVgMEAAAAAA==',2,604800,'/Public/Wx/Qrcode/20151119/8ecdd19a9a39568d45f95b034665fd3b.jpg',24,'table',1,1447925198),(56,'gQGi8DoAAAAAAAAAASxodHRwOi8vd2VpeGluLnFxLmNvbS9xLzhEcWo2VVRscE1yZC1pbjIzeFpuAAIE1ZVNVgMEAAAAAA==',2,604800,'/Public/Wx/Qrcode/20151119/afc5d15b84405937e6bcb8d175b71957.jpg',24,'table',1,1447925204),(57,'gQHL7zoAAAAAAAAAASxodHRwOi8vd2VpeGluLnFxLmNvbS9xL0hEcTlaSW5scWNyUVVzVm93UlpuAAIEIZZNVgMEAAAAAA==',2,604800,'/Public/Wx/Qrcode/20151119/96ab5a2bd6e1b38844212f4d8ff23fd9.jpg',24,'table',1,1447925280),(58,'gQFm7zoAAAAAAAAAASxodHRwOi8vd2VpeGluLnFxLmNvbS9xL3p6cVRpUHJsa01ycEhoYVQ3eFpuAAIEKJZNVgMEAAAAAA==',2,604800,'/Public/Wx/Qrcode/20151119/4d1e54052aca0e42c266efd6e36aad4a.jpg',24,'table',1,1447925287),(59,'gQH27zoAAAAAAAAAASxodHRwOi8vd2VpeGluLnFxLmNvbS9xL2V6cl9CMmpsN2NxVXQ2SU1naFpuAAIELZZNVgMEAAAAAA==',2,604800,'/Public/Wx/Qrcode/20151119/b0642d7112f9e1148e9f8ab2870812f0.jpg',24,'table',1,1447925292),(60,'gQHo7zoAAAAAAAAAASxodHRwOi8vd2VpeGluLnFxLmNvbS9xL2JEckRKTVhseGNxOExyVTZ2eFpuAAIEMpZNVgMEAAAAAA==',2,604800,'/Public/Wx/Qrcode/20151119/ec879ab06a471fc65a3054863bc30b2c.jpg',24,'table',1,1447925298),(61,'gQEd8DoAAAAAAAAAASxodHRwOi8vd2VpeGluLnFxLmNvbS9xL2FUcXc2NFRsdjhyR3BiRDh6QlpuAAIEN5ZNVgMEAAAAAA==',2,604800,'/Public/Wx/Qrcode/20151119/20f9a8399778a51ec8e6726169768302.jpg',24,'table',1,1447925302),(62,'gQGV7zoAAAAAAAAAASxodHRwOi8vd2VpeGluLnFxLmNvbS9xL3dEcThQUzNsdnNySGN4a253QlpuAAIEQZZNVgMEAAAAAA==',2,604800,'/Public/Wx/Qrcode/20151119/7397603f9fb0266768f57e9e7f928255.jpg',24,'table',1,1447925312),(63,'gQH/7zoAAAAAAAAAASxodHRwOi8vd2VpeGluLnFxLmNvbS9xL2xUcUJTbnpsZ01yNUFFeFQtUlpuAAIER5ZNVgMEAAAAAA==',2,604800,'/Public/Wx/Qrcode/20151119/06611322115891b646747b0108b08fcf.jpg',24,'table',1,1447925319),(64,'gQHg7zoAAAAAAAAAASxodHRwOi8vd2VpeGluLnFxLmNvbS9xL2tqcVF4YWZsZ01yNVUwdk43QlpuAAIETZZNVgMEAAAAAA==',2,604800,'/Public/Wx/Qrcode/20151119/98860bbdc1bc8d8bf551d1f1c86dc1e6.jpg',24,'table',1,1447925324),(65,'gQEZ8DoAAAAAAAAAASxodHRwOi8vd2VpeGluLnFxLmNvbS9xLzZEcWxwVWJsck1yVnFERzAyUlpuAAIEUpZNVgMEAAAAAA==',2,604800,'/Public/Wx/Qrcode/20151119/80eb6ef356b63db2cbe33f536f5e654b.jpg',24,'table',1,1447925329),(66,'gQFX7zoAAAAAAAAAASxodHRwOi8vd2VpeGluLnFxLmNvbS9xL3BqcmJuX2ZsNU1xZGZYXzRweFpuAAIEWJZNVgMEAAAAAA==',2,604800,'/Public/Wx/Qrcode/20151119/875350273e17c24d1e822967d8ebb6d0.jpg',24,'table',1,1447925335),(67,'gQHc7zoAAAAAAAAAASxodHRwOi8vd2VpeGluLnFxLmNvbS9xL0F6cm9KMVBsNWNxYzFOb3lsQlpuAAIEXJZNVgMEAAAAAA==',2,604800,'/Public/Wx/Qrcode/20151119/3a39d39e05d9be74de587a54e8cd9579.jpg',24,'table',1,1447925340),(68,'gQGY7zoAAAAAAAAAASxodHRwOi8vd2VpeGluLnFxLmNvbS9xL3Z6cmlyYnJsNjhxU0MyYThuaFpuAAIEYZZNVgMEAAAAAA==',2,604800,'/Public/Wx/Qrcode/20151119/79ff9f33e7ab86270781477fff7f23fe.jpg',24,'table',1,1447925345),(69,'gQEf8DoAAAAAAAAAASxodHRwOi8vd2VpeGluLnFxLmNvbS9xL21qcU5CM1Bsak1yMVRVTWU4UlpuAAIEZ5ZNVgMEAAAAAA==',2,604800,'/Public/Wx/Qrcode/20151119/431cf5df8eecf171dc6314897f5be84f.jpg',24,'table',1,1447925350),(70,'gQH17zoAAAAAAAAAASxodHRwOi8vd2VpeGluLnFxLmNvbS9xLzdEcWtHejdsdU1yQmFqVWYyQlpuAAIEbJZNVgMEAAAAAA==',2,604800,'/Public/Wx/Qrcode/20151119/87b97b02947c28a35dea284faa4829d6.jpg',24,'table',1,1447925355),(71,'gQGM7zoAAAAAAAAAASxodHRwOi8vd2VpeGluLnFxLmNvbS9xL2F6cVF6Ym5saDhyX3ZMTEM3QlpuAAIEcpZNVgMEAAAAAA==',2,604800,'/Public/Wx/Qrcode/20151119/538f4c24ac86e95e475d8d9750ce9b92.jpg',24,'table',1,1447925361),(72,'gQH87zoAAAAAAAAAASxodHRwOi8vd2VpeGluLnFxLmNvbS9xLzJ6cWtwU1hscjhyV19BSzIyQlpuAAIEfZZNVgMEAAAAAA==',2,604800,'/Public/Wx/Qrcode/20151119/e168a0bb79a8213b414bd03444bcfb37.jpg',24,'table',1,1447925372),(73,'gQGl8DoAAAAAAAAAASxodHRwOi8vd2VpeGluLnFxLmNvbS9xL0ZUcjVFb2ZsOXNxUEk4d0ZoUlpuAAIEu5ZNVgMEAAAAAA==',2,604800,'/Public/Wx/Qrcode/20151119/585bbb8c993d73e0ae36ac10efe59753.jpg',24,'table',1,1447925434),(74,'gQF48DoAAAAAAAAAASxodHRwOi8vd2VpeGluLnFxLmNvbS9xL1lUclVuR0hsM3NxblA3aU9xQlpuAAIEwJZNVgMEAAAAAA==',2,604800,'/Public/Wx/Qrcode/20151119/41541b9bbb9d1a66373d11612d3dd749.jpg',24,'table',1,1447925439),(75,'gQHd8DoAAAAAAAAAASxodHRwOi8vd2VpeGluLnFxLmNvbS9xLzZEcTU5MFhsZ3NyN19USFV4UlpuAAIExZZNVgMEAAAAAA==',2,604800,'/Public/Wx/Qrcode/20151119/9c7d79e801d5eec5cd67bb26845b9d0e.jpg',24,'table',1,1447925444),(76,'gQFC8DoAAAAAAAAAASxodHRwOi8vd2VpeGluLnFxLmNvbS9xL2J6cXVYSkhsb01yWkFiWkswaFpuAAIEypZNVgMEAAAAAA==',2,604800,'/Public/Wx/Qrcode/20151119/a32e55cd4ee1267e1e272a84d4b3b76d.jpg',24,'table',1,1447925449),(77,'gQFC8DoAAAAAAAAAASxodHRwOi8vd2VpeGluLnFxLmNvbS9xL0FUckV4VWJsMWNxc0lkak11QlpuAAIE0JZNVgMEAAAAAA==',2,604800,'/Public/Wx/Qrcode/20151119/b95c6512e65ca3d47b0bebd4ddeb3861.jpg',24,'table',1,1447925455),(78,'gQFI8DoAAAAAAAAAASxodHRwOi8vd2VpeGluLnFxLmNvbS9xL3pUcVBOaDdsaE1yOVJoUWw4eFpuAAIE1ZZNVgMEAAAAAA==',2,604800,'/Public/Wx/Qrcode/20151119/b28fa6fce2ff379d30f8935a2fbd4003.jpg',24,'table',1,1447925460),(79,'gQFq8DoAAAAAAAAAASxodHRwOi8vd2VpeGluLnFxLmNvbS9xL1d6cnc1TW5sNk1xUjFZTGtqQlpuAAIE2ZZNVgMEAAAAAA==',2,604800,'/Public/Wx/Qrcode/20151119/1c0892acb42cf568f2ebc72374e848bf.jpg',24,'table',1,1447925465),(80,'gQGc7zoAAAAAAAAAASxodHRwOi8vd2VpeGluLnFxLmNvbS9xLy16ckRxbmJseXNxemdDYTd2eFpuAAIE35ZNVgMEAAAAAA==',2,604800,'/Public/Wx/Qrcode/20151119/650adc1a1cea91a2e8c474eaba0b3dcb.jpg',24,'table',1,1447925470),(81,'gQH77zoAAAAAAAAAASxodHRwOi8vd2VpeGluLnFxLmNvbS9xL3Z6cnFtY0RsNzhxV1JXYUVsaFpuAAIE5JZNVgMEAAAAAA==',2,604800,'/Public/Wx/Qrcode/20151119/cab4c55c81df79b52541027a8f604cf6.jpg',24,'table',1,1447925475),(82,'gQFy7zoAAAAAAAAAASxodHRwOi8vd2VpeGluLnFxLmNvbS9xL2lqcWJ1Y25sa3NycldWT281eFpuAAIE6JZNVgMEAAAAAA==',2,604800,'/Public/Wx/Qrcode/20151119/c24e46b8eb20f10f58976d9fe28a0628.jpg',24,'table',1,1447925479),(83,'gQHc7zoAAAAAAAAAASxodHRwOi8vd2VpeGluLnFxLmNvbS9xL016cW1tTkxsc3NyTDJ1cVUyaFpuAAIE7ZZNVgMEAAAAAA==',2,604800,'/Public/Wx/Qrcode/20151119/f83c4019f23a2b7c00a57ed0c8668795.jpg',24,'table',1,1447925484),(84,'gQGH7zoAAAAAAAAAASxodHRwOi8vd2VpeGluLnFxLmNvbS9xL2d6cTJ3eTdsamNyMHpWcmd5aFpuAAIE9ZZNVgMEAAAAAA==',2,604800,'/Public/Wx/Qrcode/20151119/a17baf210c53f07ebbbe3fb4396ec769.jpg',24,'table',1,1447925489),(85,'gQHl7zoAAAAAAAAAASxodHRwOi8vd2VpeGluLnFxLmNvbS9xL1RUcllBWkRsNWNxY2Y1UWtwQlpuAAIEc5dNVgMEAAAAAA==',2,604800,'/Public/Wx/Qrcode/20151119/d2b3b15977968b58a7d899a8d0453d13.jpg',24,'table',1,1447925618),(86,'gQHT7zoAAAAAAAAAASxodHRwOi8vd2VpeGluLnFxLmNvbS9xL196cnI4NnZsLWNxRUFDTDlseFpuAAIEeJdNVgMEAAAAAA==',2,604800,'/Public/Wx/Qrcode/20151119/bf6343803b5b7ab1911225a7c27eb74b.jpg',24,'table',1,1447925624),(87,'gQGp8DoAAAAAAAAAASxodHRwOi8vd2VpeGluLnFxLmNvbS9xL2REclgzMXJsMnNxalVxM0txeFpuAAIEgZdNVgMEAAAAAA==',2,604800,'/Public/Wx/Qrcode/20151119/e95a2530397945735817109b0e20d0cd.jpg',24,'table',1,1447925630),(88,'gQHZ8DoAAAAAAAAAASxodHRwOi8vd2VpeGluLnFxLmNvbS9xL2lUcVkxY0xsbmNya1BWREk1QlpuAAIEh5dNVgMEAAAAAA==',2,604800,'/Public/Wx/Qrcode/20151119/16de50390983f99eb5fdf92f57ba978a.jpg',24,'table',1,1447925638),(89,'gQH58DoAAAAAAAAAASxodHRwOi8vd2VpeGluLnFxLmNvbS9xL1lUcWhDOC1sbzhyYUJyZ1IzUlpuAAIEjJdNVgMEAAAAAA==',2,604800,'/Public/Wx/Qrcode/20151119/b4fd163b4cf62afe8f92c939459fb171.jpg',24,'table',1,1447925643),(90,'gQGU8DoAAAAAAAAAASxodHRwOi8vd2VpeGluLnFxLmNvbS9xL1Z6cWhQa0hsck1yVmk0NHIzUlpuAAIEkJdNVgMEAAAAAA==',2,604800,'/Public/Wx/Qrcode/20151119/32588fed4b7b79b04342d44ece3a8a8f.jpg',24,'table',1,1447925648),(91,'gQFO8DoAAAAAAAAAASxodHRwOi8vd2VpeGluLnFxLmNvbS9xL056cmtXRnJsNXNxZmx1NUNtQlpuAAIElpdNVgMEAAAAAA==',2,604800,'/Public/Wx/Qrcode/20151119/cfc34a8ef06a5a626c3ccee7d37989fd.jpg',24,'table',1,1447925653),(92,'gQFN8DoAAAAAAAAAASxodHRwOi8vd2VpeGluLnFxLmNvbS9xL0ZUcld0SDNsMHNxcmY4eW9xaFpuAAIEm5dNVgMEAAAAAA==',2,604800,'/Public/Wx/Qrcode/20151119/8ac21a390fd8839dfaf20e3e216ed089.jpg',24,'table',1,1447925659),(93,'gQFy7zoAAAAAAAAAASxodHRwOi8vd2VpeGluLnFxLmNvbS9xL2lEcUczd0xsbE1ydDlsSFZfaFpuAAIEe6hqVgMEAAAAAA==',2,604800,'/Public/Wx/Qrcode/20151211/a9c4a22d52388399859cabd7d23585a8.jpg',20,'table',1,1449830522);

/*Table structure for table `w_wx_user` */

DROP TABLE IF EXISTS `w_wx_user`;

CREATE TABLE `w_wx_user` (
  `id` int(11) NOT NULL AUTO_INCREMENT,
  `openid` varchar(50) NOT NULL COMMENT 'openid',
  `nickname` varchar(50) NOT NULL COMMENT '微信名',
  `country` varchar(20) NOT NULL COMMENT '国家',
  `province` varchar(20) NOT NULL COMMENT '省市',
  `city` varchar(20) NOT NULL COMMENT ' 区县',
  `headimgurl` varchar(300) NOT NULL COMMENT '头像',
  `sex` smallint(1) NOT NULL COMMENT '性别',
  `language` varchar(10) NOT NULL DEFAULT 'zh_CN',
  `groupid` smallint(2) NOT NULL DEFAULT '0' COMMENT '分组',
  `remark` varchar(200) DEFAULT NULL,
  `subscribe` smallint(1) NOT NULL DEFAULT '1' COMMENT '关注状态',
  `subscribe_time` int(11) NOT NULL COMMENT '关注时间',
  PRIMARY KEY (`id`)
) ENGINE=InnoDB AUTO_INCREMENT=32 DEFAULT CHARSET=utf8;

/*Data for the table `w_wx_user` */

insert  into `w_wx_user`(`id`,`openid`,`nickname`,`country`,`province`,`city`,`headimgurl`,`sex`,`language`,`groupid`,`remark`,`subscribe`,`subscribe_time`) values (4,'oo1dNwYWxhndW2fNbkDIjymhzOu4','\"bs\"','中国','重庆','江北','http://wx.qlogo.cn/mmopen/V5XD9afYMiaB1V4mFdIZp2NlECUYoVvpGhfHiaJuxHo1EvickIuQNlxJUalqObwbFRxxQibTicyyglqoC3DOAEwl401nQScwLedLx/0',1,'zh_CN',0,'',1,1444976094),(5,'oo1dNwVNG0u7o2z9QGS7fel40Fp8','\"wan\"','巴哈马','','','http://wx.qlogo.cn/mmopen/Q3auHgzwzM6FQbyJuEkM6R7ha3b1tPTdns4SnUlTsXW3yQGeKNDMO8PvzKxuUVcicPc7H0f39LZalzaxb8iaodRg0dkbnnM5NIHet88g1wiaHk/0',2,'zh_CN',0,'',1,1446434344),(6,'oo1dNwWexQjCasMIlnRGT_OqB46I','\"\\u76f8\\u805a\\u6709\\u65f6\\uff0c\\u540e\\u4f1a\\u65e0\\','中国','重庆','渝北','http://wx.qlogo.cn/mmopen/LzvRGfVOb8pliaqwb1P28vpgfeU1YDp5BeAs5G44YjpL9AEwSPMF0ypIH2ZqlVcoWoVl45pDgXibZBqulicAB4xUWiaI8R4C9vXr/0',1,'zh_CN',0,'',1,1449830648),(7,'oo1dNweJzXSlND4DGCNalDx_wUJA','幸运四叶草','中国','重庆','九龙坡','http://wx.qlogo.cn/mmopen/Q3auHgzwzM4ibviajZDxQjyDmYuRp7aycxh9wibxzloric3JA9d3XMJPLEOvPJ0bWDuBS7OsKFU2VhJlCpdQVHuj04ic1mEEcZaymJPT0INyLcFQ/0',2,'zh_CN',0,'',1,1445049002),(9,'oo1dNwYm2OLybn4LcofxIfwgejP0','\"\\ud83d\\ude0d VAN\"','中国','重庆','南岸','http://wx.qlogo.cn/mmopen/ajNVdqHZLLAXZ6yMBmYVbbGnyibBK0LR9CtNaQiatdssN6eSB72nLAh99h9OMncCebh8WdOuib98NdribBaeyBswhKNgDRYKh8ULXHFV8mAHOMM/0',2,'zh_CN',0,'',-1,1445243028),(10,'oo1dNwetTh2FNUv7rKoav16TW1SU','\"vivi\\u5409\\u7965\"','中国','重庆','渝中','http://wx.qlogo.cn/mmopen/V5XD9afYMiaB1V4mFdIZp2Ggib2OVZCDjZEv5tbWRLtiaE3Ek6Z77yz4iamqPoPica1KStEYnV6lOrs5ia0NBAs9HFmSJR0VIPXbSr/0',2,'zh_CN',0,'',1,1445242956),(11,'oo1dNwXnmV9syCS6Raip1v8Jr_ts','\"MJ\"','中国','重庆','九龙坡','http://wx.qlogo.cn/mmopen/LPLYlyQ5GAoCBDwr4JU9xxxQlqjEYE2gwgz2T8ul63umW45ObAjT4JicLjeEQ2oXRYw51ib5kblcrtGLySjxrG0OOyicfibia2CicT/0',1,'zh_CN',0,'',1,1446109421),(12,'oo1dNwRvcfTCG341zC_m3Luta3qM','\"\\u5f20\\u946b\"','德国','柏林','','http://wx.qlogo.cn/mmopen/N4coGaTVcURtKnsSBOlp69MKsyj0lwNM97mDfaKiaQn1X9ibicLFXlDFjGqZWWX2CAMqib5hOWU6n2ibHGEKhtDCAdZ02IGzF0mz5/0',1,'zh_CN',0,'',1,1445931399),(13,'oo1dNwTwj9B6NY6tXuzl4ldneZHg','\"Tony\"','中国','重庆','渝中','http://wx.qlogo.cn/mmopen/V5XD9afYMiaB1V4mFdIZp2M3oDI3HeKRNwV67nZduR6ibyhcYU5XgHd4cKpEZTc6hvCFBN37877erblnT4PtCGgkL0Dl3D2HMZ/0',1,'zh_CN',0,'',1,1446016352),(14,'oo1dNwVtnqPTofrvUooHQHKqRhps','\"guoguo\"','中国','重庆','九龙坡','http://wx.qlogo.cn/mmopen/ajNVdqHZLLBVGAfeOrXia0y8LLkWQV2FlYbdxF7YlXGwYMY0janHSR7eBDNicxvH00vlTVlXCRgialzTuT138ZSLw/0',1,'zh_CN',0,'',1,1446804395),(15,'oo1dNwW3S4XhXu0sGvS7q7bm4W0I','\"CCKK\"','中国','甘肃','天水','http://wx.qlogo.cn/mmopen/PiajxSqBRaEJSD9eliaOUwATRCeg3xwn7OCyDwiaqfDl3nuDKxicM5kia7iakKchz0uL8UVgaSqCXibzbQ6iaQ2XrxTCXw/0',1,'zh_CN',0,'',1,1446518948),(16,'oo1dNwUSkA_goY3u_sbnOFa-pOPE','\"\\u738b\\u5ca9\"','中国','重庆','沙坪坝','http://wx.qlogo.cn/mmopen/uQUFXeNXo9vZXnF5hcoyIJicTeF4FcyHyX79VNQoVKD8keibPficuvcPSaqMLeGgKc0pxx86Ih6GcpXGe7oJVRT9amWYa4Px2Xl/0',1,'zh_CN',0,'',1,1446518985),(17,'oo1dNwTvWcne2OBeuwzaG8uWDruQ','\"\\u5929\\u5929\\/\\u4e2d\\u6052\\u7396\\u8054\\u5ed6\\u665','中国','重庆','江北','http://wx.qlogo.cn/mmopen/hdMx7bicficBZ3rROXjDpyibMIC5vOZZiciaIzOjEYxibdSibibYaP2kXQkXPsN16U0KSktUSa1MGaLkVcb6m6JVaQJ8KcsyISIxb4fT/0',1,'zh_CN',0,'',1,1446519002),(18,'oo1dNwdD1gaX5EoR8CenoktBbjB4','\"Viva Shen\"','不丹','','','http://wx.qlogo.cn/mmopen/hv6NOr02ibrERXPVVAekh3q0HNV7jLhgVAMpvU3AIuFoTqGPenicuIYo2sKzoRtia9PvYrNiaPk0icDBWBOTbjDH97m4ZlR7dXTqj/0',2,'zh_CN',0,'',1,1446519031),(19,'oo1dNwYCyuQQu_it3Pk5CVcYsLVE','\"\\u6ef4\\u7b54\"','中国','重庆','九龙坡','http://wx.qlogo.cn/mmopen/uKPibHyTMPVhCHhMakG3VCFqW0y76SJ7tibLkNqTubDDysXfVJK5rTRcjEUZLHEnC7ZWqVhicobcLRFwPAYw02PctVF77joIC8X/0',2,'zh_CN',0,'',1,1446519078),(20,'oo1dNwcpWrHYKHQKJ-5WTnmjkJLI','\"\\u5f90\\u83e0\"','中国','重庆','梁平','http://wx.qlogo.cn/mmopen/PiajxSqBRaEJ5aspfrZJtIYqrZQ7VtdWwmy54MhJ4qqvRB1nicCEJ5XcVOxMMgic48rPhYL5pJNTXsxnSVExib0CeA/0',1,'zh_CN',0,'',1,1446534106),(21,'oo1dNwZ1zIurMRWKB3Ye9IEiX82w','\"\\u8c08\\u8c08\"','中国','重庆','梁平','http://wx.qlogo.cn/mmopen/hdMx7bicficBZrYJ35JgibsmPwuKuKSMibVxQKa6OItF5ww1ibakwvqWh1BfLkGD1UwpMYkn8AA6cSjcyib4PjhonmiaHdvibH9OzLVW/0',1,'zh_CN',0,'',1,1446534230),(22,'oo1dNwey613XC_YqxViJFFVAeJIU','null','中国','重庆','','http://wx.qlogo.cn/mmopen/ajNVdqHZLLCc1CgicV0zwFQnV9icXTnmibyOO1sxArNvlvVibrIibd2BcTLVRt6hGxGH2qKkBS6c37tic4BxsTBicyib2mzUUKCJGhzic2QbfxiaVLDI0/0',2,'zh_CN',0,'',0,1446700730),(23,'oo1dNwfOeGMjC8BEgSk1Z6K3s7Pk','\"\\u694a\"','中国','重庆','渝中','http://wx.qlogo.cn/mmopen/wTo9jLDpe8HjCKP9M0LwPq2k0Pr6dp9B0yWMyGgTq3huldV9Ot9ZqDVs3CgZOsXIkvgiaxQbrVw7WN0nib627afoUZT8icgicLt2/0',1,'zh_CN',0,'',1,1447206828),(24,'oo1dNwaVbatRIw5dMRFTkVuhXybI','\"Adam \\u2728\"','中国','重庆','九龙坡','http://wx.qlogo.cn/mmopen/PiajxSqBRaELa1EJzlT7xLDqmvrmRkcFyRaec09v314RaKb9Sl5l8gNFxACqOvIXIKWjTB173ZqaNzmppLvvbXw/0',1,'zh_CN',0,'',1,1447207814),(25,'oo1dNwWvk6GMa8zPaI1SmSMr6ODo','null','中国','湖北','荆州','http://wx.qlogo.cn/mmopen/LzvRGfVOb8qbSHO684eq3pqlE4wXeB3OAqmkibbRFpoA1uprsCm82ly1jUYVfAntk51091wDsjGfmrbLPMTOfBjLUahpz9fLl/0',1,'zh_CN',0,'',0,1447217779),(26,'oo1dNwc-NcMIzH59ZaL8ZIhrI5Fg','\"\\u591a\\u591a(\\u738b\\u6ce2)\"','中国','重庆','渝中','http://wx.qlogo.cn/mmopen/hdMx7bicficBY0hibpDTRt9UIwON2NkcWUWG1DRG8EJoQA2NjFE3gOlapm49MUIc1iaKqicBWkYzSK8YzEOfMxtGrp2NfD55L8kian/0',1,'zh_CN',0,'',1,1447411027),(27,'oo1dNwZi9iEZWq2hFNXerfVGqckQ','\"\\u2728  Leo\"','中国','重庆','渝中','http://wx.qlogo.cn/mmopen/V5XD9afYMiaBuahf4hSUxJy6UUaD8oVKQ5Mbbw0UenyibWYQxjayPBlydDSwshicpfQBMRdIkeCVgAm9CZ47Fk9UgAxvfD99muT/0',1,'zh_CN',0,'',1,1447924979),(28,'oo1dNweHJba-j5MYSbIZ3tWGjmRI','\"\\u5927\\u6d53\\u5986\\u63a9\\u9970\\u5c0f\\u60b2\\u4f24\"','中国','四川','南充','http://wx.qlogo.cn/mmopen/Q3auHgzwzM7MGA09Zcibc32apC3854KEF1ic7OuTjZzuqDnxANShrLko2icMGvj9a4NSHNbonHeDu1tPqUCmVg8Ig0iafJmX6o6aaibwBibMwJ6Bs/0',2,'zh_CN',0,'',1,1447935772),(29,'oo1dNwcU299wieEn0d12_lmXIrQk','null','中国','江苏','无锡','http://wx.qlogo.cn/mmopen/V5XD9afYMiaAhmNicGl8GAsicaP6mA9coC8YbqVsyYEMhGoeqc4s2JYtuicHBQP55XA1TFYL1dHOxSluWej8siakGxg/0',1,'zh_CN',0,'',0,1448185105),(30,'oo1dNwfmCBJU0yMs9KtQ20pz3aM8','\"\\u5361\\u5df4_\\u53f8\\u673a\\uff4f\\u309c\\u309c\\u25cb','中国','重庆','南岸','http://wx.qlogo.cn/mmopen/LPLYlyQ5GAo5F2ic0lCic6tiaAZTBCHB3AZf2o4mmr6Uu1ACiam2cXalzM1YHe6ZsPQFibpKm1RMpCpcs5HYic2Vqtgw/0',1,'zh_CN',0,'',1,1448350412),(31,'oo1dNwZ76xIIRd2wtT3EL0vQ70bU','null','中国','重庆','渝中','http://wx.qlogo.cn/mmopen/Q3auHgzwzM7EzW8KTiaZg9fr3icZ5jxkmMXTDtsWWcicV71kOyRpFmhDwlPPKsUziccr6PMpQTnB1QWL3OT5O7YMog/0',2,'zh_CN',0,'',0,1448950937);

/*!40101 SET SQL_MODE=@OLD_SQL_MODE */;
/*!40014 SET FOREIGN_KEY_CHECKS=@OLD_FOREIGN_KEY_CHECKS */;
/*!40014 SET UNIQUE_CHECKS=@OLD_UNIQUE_CHECKS */;
/*!40111 SET SQL_NOTES=@OLD_SQL_NOTES */;
